PageVisit_errorCount,PageVisit_isBlank,pageActiveDuration,pageDuration,PageVisit_timeSinceSessionStart,LCP,pageLoad,FirstInteration_timeSinceSessionStart,FID,TextInput_timeSinceSessionStart,TextInputTime,ElementClick_errorCount,ElementClick_repeatClick,ElementClick_timeSinceSessionStart,feedbackInterval,slowNeChinaork,WindowResizing_timeSinceSessionStart,WindowResizing_viewportHeightChangeRate,WindowResizing_viewporChinaidthChangeRate,ViewportStay_timeSinceSessionStart,NoResponseWhenCicking,HighBounceRate,RepeatClick,SlowPageOpening,SlowWebFeedbackAfterClicking,ClickError,PageLoadError,PageLoadBlank,MultipleSimultaneousOccurrences
1,0,29759,444846,0,4469.7,4791,403906,273.5,18210,7104,6,4,33210,95,1,444846,0,0.11,444846,1,1,1,1,1,1,1,0,1
1,1,16782,406837,0,1075.2,4791,49719,165.7,10863,5752,6,0,44104,177,0,406837,0,0.11,406837,1,0,0,0,0,1,0,1,0
1,0,14674,437577,0,5244.1,4791,134038,42.9,16313,5191,7,6,49678,193,0,437577,0,0.11,437577,0,0,1,1,0,1,0,0,0
0,0,42566,147933,0,1870.9,4791,44935,97.0,18854,6475,7,3,60497,38,0,147933,0,0.11,147933,1,0,1,0,0,1,0,0,0
0,0,15259,191350,0,1810.2,4791,60080,151.2,16923,6137,10,1,34641,46,0,191350,0,0.11,191350,0,1,1,0,0,1,0,0,0
0,0,40126,267308,0,4549.7,4791,236571,31.6,11939,6344,10,3,53060,105,1,267308,0,0.11,267308,1,0,1,1,1,1,0,0,1
0,0,28185,126366,0,4206.7,4791,41082,270.7,15834,6409,3,0,39830,65,1,126366,0,0.11,126366,1,0,0,1,1,1,0,0,1
0,0,22653,182238,0,3150.6,4791,128262,296.3,19221,6949,5,4,58066,228,0,182238,0,0.11,182238,1,0,1,0,0,1,0,0,0
0,0,43942,140672,0,1540.8,4791,72569,202.1,11924,6536,8,6,41476,25,0,140672,0,0.11,140672,1,0,1,0,0,1,0,0,0
0,0,18223,209240,0,3799.4,4791,22005,86.9,19548,5813,0,0,60168,202,1,209240,0,0.11,209240,0,1,0,0,1,0,0,0,0
0,1,41140,130145,0,2564.1,4791,21727,111.8,18073,7109,5,2,58052,213,0,130145,0,0.11,130145,1,0,1,0,0,1,0,1,1
0,0,17668,154632,0,2041.7,4791,96765,237.8,12836,6525,5,5,71574,229,0,154632,0,0.11,154632,0,0,1,0,0,1,0,0,0
0,0,15164,182523,0,4268.2,4791,133722,325.6,14460,7742,2,0,58193,216,0,182523,0,0.11,182523,0,1,0,1,0,1,0,0,0
0,0,30295,261534,0,5761.2,4791,258530,189.1,17713,7347,4,4,55001,146,0,261534,0,0.11,261534,0,0,1,1,0,1,0,0,0
0,0,28053,120311,0,1258.2,4791,90462,178.6,11979,5445,9,2,47580,247,0,120311,0,0.11,120311,1,0,1,0,0,1,0,0,0
0,0,11679,450473,0,1744.0,4791,199328,157.4,16827,5058,0,0,58353,125,0,450473,0,0.11,450473,0,0,0,0,0,0,0,0,0
1,0,47678,126446,0,2004.9,4791,102758,28.4,19241,7012,2,0,48244,83,0,126446,0,0.11,126446,1,0,0,0,0,1,0,0,0
0,0,39359,308649,0,2562.0,4791,197542,188.6,16349,5272,3,2,72675,94,0,308649,0,0.11,308649,1,0,1,0,0,1,0,0,0
0,0,35704,268071,0,4085.1,4791,181568,190.0,13850,7590,5,1,52777,300,0,268071,0,0.11,268071,1,0,1,1,0,1,0,0,1
0,0,39138,391423,0,5492.8,4791,336374,13.4,13297,6928,10,3,29192,101,0,391423,0,0.11,391423,0,1,1,1,0,1,0,0,1
0,0,35981,276614,0,5856.0,4791,214111,198.6,18750,5864,1,1,64796,131,0,276614,0,0.11,276614,0,0,1,1,0,1,0,0,0
0,0,30980,300251,0,2930.4,4791,91672,160.8,12787,7501,1,1,62215,70,0,300251,0,0.11,300251,0,0,1,0,0,1,0,0,0
1,1,20300,338940,0,5845.4,4791,199987,56.6,16092,7046,6,5,32378,174,1,338940,0,0.11,338940,1,1,1,1,1,1,0,1,1
0,0,21259,513740,0,3206.9,4791,24649,81.6,18204,6574,10,2,53212,92,0,513740,0,0.11,513740,1,1,1,0,0,1,1,0,1
0,0,24454,178511,0,3191.6,4791,85959,276.0,11823,7521,8,2,27292,227,0,178511,0,0.11,178511,1,0,1,0,0,1,0,0,0
0,1,15133,518338,0,5639.9,4791,494386,337.7,19105,5693,4,0,45618,122,0,518338,0,0.11,518338,0,1,0,1,0,1,1,1,1
0,0,17646,455537,0,5801.3,4791,204623,6.0,16738,6523,7,6,48567,65,0,455537,0,0.11,455537,1,1,1,1,0,1,0,0,1
0,0,18894,229887,0,3657.7,4791,33283,223.7,10783,7061,9,9,73423,296,0,229887,0,0.11,229887,0,0,1,0,0,1,0,0,0
0,1,25854,132510,0,5839.6,4791,12134,26.8,16727,7955,4,2,57866,145,0,132510,0,0.11,132510,1,0,1,1,0,1,0,1,1
0,0,45391,275712,0,5927.8,4791,169918,217.0,11282,6846,9,4,24903,186,0,275712,0,0.11,275712,0,0,1,1,0,1,0,0,0
0,0,43021,291008,0,1640.8,4791,62100,205.3,18869,6993,10,8,56575,113,0,291008,0,0.11,291008,1,0,1,0,0,1,0,0,0
0,0,14715,395589,0,1869.0,4791,355888,29.2,11649,5912,10,8,27535,237,0,395589,0,0.11,395589,1,1,1,0,0,1,0,0,1
0,0,48408,206112,0,5613.0,4791,91728,334.4,19573,5064,2,0,34824,110,0,206112,0,0.11,206112,1,0,0,1,0,1,0,0,0
0,0,23282,92835,0,1076.8,4791,58237,194.6,13782,5526,4,3,66141,102,0,92835,0,0.11,92835,0,0,1,0,0,1,0,0,0
0,0,39789,191048,0,4691.0,4791,99330,292.0,12935,6353,10,5,23246,200,0,191048,0,0.11,191048,1,0,1,1,0,1,0,0,1
1,0,13021,400427,0,3764.1,4791,370455,258.1,13888,6817,4,1,36019,207,0,400427,0,0.11,400427,1,1,1,0,0,1,0,0,1
0,1,43305,384630,0,2397.6,4791,133761,91.4,18190,7730,9,0,58863,262,0,384630,0,0.11,384630,1,0,0,0,0,1,0,1,0
0,0,42064,92861,0,1087.7,4791,43055,128.8,10507,7379,10,10,42861,49,0,92861,0,0.11,92861,0,0,1,0,0,1,0,0,0
0,0,37316,441779,0,5235.1,4791,322055,82.7,17542,5486,5,1,50213,237,0,441779,0,0.11,441779,0,1,1,1,0,1,0,0,1
0,0,43968,416491,0,4056.7,4791,26432,238.4,16845,7132,8,7,35001,289,0,416491,0,0.11,416491,1,0,1,1,0,1,0,0,1
0,0,33470,313828,0,4910.6,4791,20109,57.2,15617,6494,6,6,62750,39,0,313828,0,0.11,313828,0,0,1,1,0,1,0,0,0
0,0,44259,208510,0,5395.5,4791,91077,69.4,14653,7150,9,8,74596,33,0,208510,0,0.11,208510,1,0,1,1,0,1,0,0,1
1,0,48990,407846,0,2179.8,4791,134191,172.7,16488,6902,8,4,51709,147,0,407846,0,0.11,407846,1,0,1,0,0,1,0,0,0
0,0,16863,506794,0,3177.7,4791,376915,323.2,18693,6950,10,7,35997,205,0,506794,0,0.11,506794,1,1,1,0,0,1,0,0,1
0,0,35672,438093,0,3209.9,4791,226790,59.0,18172,6670,5,5,40835,40,0,438093,0,0.11,438093,0,1,1,0,0,1,0,0,0
0,0,21236,431830,0,1978.9,4791,205487,78.8,13022,6380,10,2,21424,277,0,431830,0,0.11,431830,0,0,1,0,0,1,0,0,0
0,1,34912,426635,0,5841.7,4791,287926,162.8,16172,5106,4,3,24455,3,0,426635,0,0.11,426635,1,1,1,1,0,1,0,1,1
1,0,34386,153495,0,4691.1,4791,29427,50.7,13523,5339,3,2,60552,9,0,153495,0,0.11,153495,1,0,1,1,0,1,0,0,1
0,0,38332,350784,0,2366.3,4791,165059,65.2,11581,7682,4,4,45234,66,0,350784,0,0.11,350784,0,0,1,0,0,1,0,0,0
0,1,39334,180339,0,5892.0,4791,19327,47.2,15369,6064,10,8,36741,243,0,180339,0,0.11,180339,1,0,1,1,0,1,0,1,1
0,0,37052,499627,0,2493.6,4791,214785,166.4,12137,5009,10,1,51088,7,0,499627,0,0.11,499627,0,0,1,0,0,1,0,0,0
0,0,28876,229749,0,1423.3,4791,145058,138.5,18150,6322,5,5,54780,195,0,229749,0,0.11,229749,0,0,1,0,0,1,0,0,0
0,0,36384,232147,0,1709.8,4791,205059,130.7,12614,5148,4,4,40586,4,1,232147,0,0.11,232147,0,0,1,0,1,1,0,0,0
0,1,27081,512258,0,1457.1,4791,37684,249.4,14708,6524,7,3,58302,138,0,512258,0,0.11,512258,0,1,1,0,0,1,1,1,1
0,0,18138,239734,0,4844.6,4791,152716,276.0,12387,7485,0,0,48557,6,0,239734,0,0.11,239734,0,1,0,1,0,0,0,0,0
0,0,12598,212819,0,3186.3,4791,203423,142.2,14763,5979,1,0,20990,89,1,212819,0,0.11,212819,1,1,0,0,1,1,0,0,1
0,0,29149,444536,0,3796.0,4791,382013,129.0,13896,7323,0,0,21849,286,0,444536,0,0.11,444536,0,1,0,0,0,0,1,0,0
0,1,22495,229274,0,3553.9,4791,169147,193.9,11408,5792,7,0,21882,47,1,229274,0,0.11,229274,1,1,0,0,1,1,0,1,1
1,0,34633,301687,0,1077.4,4791,254582,322.9,19807,7902,0,0,29155,141,0,301687,0,0.11,301687,0,0,0,0,0,0,0,0,0
0,0,12516,236499,0,2257.6,4791,25006,43.3,16745,6974,7,7,63956,295,0,236499,0,0.11,236499,0,0,1,0,0,1,0,0,0
0,0,35165,190887,0,5199.4,4791,21145,58.2,19903,7119,9,0,52126,126,0,190887,0,0.11,190887,0,0,0,1,0,1,0,0,0
0,0,31595,173448,0,4776.9,4791,152464,198.1,13668,5952,6,4,35483,119,0,173448,0,0.11,173448,0,0,1,1,0,1,0,0,0
1,0,12839,387637,0,3060.8,4791,139833,209.5,14820,5974,10,10,50503,180,0,387637,0,0.11,387637,0,1,1,0,0,1,0,0,0
0,0,29397,480156,0,1755.9,4791,426978,341.6,19738,5064,10,6,35044,206,0,480156,0,0.11,480156,0,1,1,0,0,1,0,0,0
0,1,30600,142328,0,5458.9,4791,22499,160.9,19902,6740,5,5,71896,176,0,142328,0,0.11,142328,0,0,1,1,0,1,0,1,1
0,0,17881,439054,0,3673.4,4791,203024,241.5,17249,5938,9,1,55199,176,0,439054,0,0.11,439054,1,1,1,0,0,1,0,0,1
0,0,16371,117033,0,3489.3,4791,26229,313.2,18503,7213,8,3,48241,291,0,117033,0,0.11,117033,1,0,1,0,0,1,0,0,0
0,0,15376,485745,0,4217.7,4791,416935,342.1,18080,5889,10,4,44269,177,0,485745,0,0.11,485745,1,1,1,1,0,1,1,0,1
0,0,48608,84401,0,1137.3,4791,31041,7.1,17276,7575,0,0,51979,121,0,84401,0,0.11,84401,0,0,0,0,0,0,0,0,0
0,0,11274,484817,0,5645.5,4791,314300,101.0,15333,6917,8,3,28571,102,0,484817,0,0.11,484817,0,1,1,1,0,1,0,0,1
0,1,40923,273989,0,3822.7,4791,230246,193.0,17263,6128,9,4,42595,64,0,273989,0,0.11,273989,1,0,1,0,0,1,0,1,1
0,0,32873,286099,0,3640.2,4791,238552,238.7,14994,6949,4,2,51582,49,0,286099,0,0.11,286099,0,0,1,0,0,1,0,0,0
1,0,15884,388797,0,5737.8,4791,352912,162.7,17897,6051,6,4,49807,10,1,388797,0,0.11,388797,1,1,1,1,1,1,0,0,1
0,0,12384,480321,0,1606.7,4791,238487,338.5,16038,7225,3,1,47464,101,0,480321,0,0.11,480321,1,1,1,0,0,1,0,0,1
0,1,15393,207384,0,1467.3,4791,121025,239.1,15021,7694,4,1,34242,277,0,207384,0,0.11,207384,0,1,1,0,0,1,0,1,1
0,0,37996,462882,0,3373.4,4791,160820,114.2,12406,6751,5,3,43104,195,0,462882,0,0.11,462882,1,0,1,0,0,1,0,0,0
1,0,12568,92729,0,2546.0,4791,6936,275.2,17103,7336,6,1,48858,59,0,92729,0,0.11,92729,1,0,1,0,0,1,0,0,0
0,0,29512,290693,0,2558.4,4791,40466,168.7,19628,7544,6,6,74544,29,0,290693,0,0.11,290693,0,0,1,0,0,1,0,0,0
0,0,47093,113844,0,4908.5,4791,55280,186.7,13950,7500,9,2,31225,155,0,113844,0,0.11,113844,1,0,1,1,0,1,0,0,1
0,1,16924,486484,0,4107.6,4791,145071,258.7,15034,6308,1,1,40610,75,0,486484,0,0.11,486484,0,1,1,1,0,1,1,1,1
0,0,20849,478855,0,3509.8,4791,469367,337.3,19313,7501,5,3,38681,77,0,478855,0,0.11,478855,1,0,1,0,0,1,0,0,0
0,0,37420,133799,0,2835.7,4791,71877,300.1,17785,5655,4,2,29059,191,0,133799,0,0.11,133799,0,0,1,0,0,1,0,0,0
0,0,37142,326292,0,2744.4,4791,132325,142.0,15305,6709,10,0,62806,117,0,326292,0,0.11,326292,1,0,0,0,0,1,0,0,0
0,0,36546,410776,0,5619.7,4791,287123,136.7,12015,6461,9,4,35456,274,0,410776,0,0.11,410776,0,0,1,1,0,1,0,0,0
0,1,43841,505390,0,4912.5,4791,304482,211.7,11047,5211,3,2,36723,208,0,505390,0,0.11,505390,0,1,1,1,0,1,0,1,1
0,0,39608,377121,0,2152.8,4791,112305,271.4,17205,5901,6,6,58333,247,0,377121,0,0.11,377121,0,0,1,0,0,1,0,0,0
0,0,16016,286723,0,4652.2,4791,13888,261.8,19779,6724,4,4,40147,54,0,286723,0,0.11,286723,0,1,1,1,0,1,0,0,1
0,0,35352,367148,0,5948.0,4791,156215,245.8,15322,5879,6,5,51378,267,0,367148,0,0.11,367148,1,1,1,1,0,1,0,0,1
0,0,41833,229507,0,5651.4,4791,92230,197.3,19644,6775,9,4,55551,14,0,229507,0,0.11,229507,0,0,1,1,0,1,0,0,0
0,0,19645,418949,0,1213.6,4791,129133,335.0,10342,7035,10,5,71905,15,1,418949,0,0.11,418949,1,1,1,0,1,1,1,0,1
0,0,40506,170074,0,1286.3,4791,53127,63.1,14101,6325,7,7,41790,63,0,170074,0,0.11,170074,0,0,1,0,0,1,0,0,0
0,0,13344,293377,0,3233.2,4791,17518,212.6,10964,6054,10,0,36784,21,0,293377,0,0.11,293377,1,1,0,0,0,1,0,0,0
0,0,25726,500633,0,5543.3,4791,50003,264.3,14925,5727,1,1,52474,164,0,500633,0,0.11,500633,0,1,1,1,0,1,0,0,1
0,0,19755,492494,0,2056.1,4791,449606,235.7,16189,7566,2,0,74915,253,1,492494,0,0.11,492494,1,0,0,0,1,1,0,0,0
0,1,29349,310740,0,4722.3,4791,257777,281.1,16076,5731,10,5,57228,92,0,310740,0,0.11,310740,1,0,1,1,0,1,0,1,1
0,0,19922,188424,0,2563.2,4791,57005,282.9,12692,5518,5,5,72095,256,0,188424,0,0.11,188424,0,0,1,0,0,1,0,0,0
1,0,47299,465799,0,2454.5,4791,406055,56.1,11145,7922,0,0,38370,125,0,465799,0,0.11,465799,0,0,0,0,0,0,0,0,0
0,0,28006,194912,0,2026.5,4791,76659,212.7,16065,7095,10,2,45126,69,0,194912,0,0.11,194912,1,0,1,0,0,1,0,0,0
0,0,25284,92842,0,1805.8,4791,86059,259.4,12222,5647,2,2,60888,174,0,92842,0,0.11,92842,0,0,1,0,0,1,0,0,0
0,1,40148,232408,0,3805.5,4791,59508,277.1,13130,7210,1,1,33191,279,0,232408,0,0.11,232408,0,0,1,0,0,1,0,1,0
0,0,17334,109861,0,2600.0,4791,17903,201.8,11136,7132,0,0,60292,66,0,109861,0,0.11,109861,0,0,0,0,0,0,0,0,0
0,0,14963,434895,0,5471.9,4791,273054,325.3,13493,6598,8,1,57702,161,0,434895,0,0.11,434895,1,0,1,1,0,1,0,0,1
0,0,19321,346895,0,3363.8,4791,158356,179.9,15506,7580,8,8,27998,33,0,346895,0,0.11,346895,0,1,1,0,0,1,0,0,0
0,0,11546,277639,0,3721.1,4791,187659,7.1,19245,7912,5,0,66749,129,0,277639,0,0.11,277639,1,1,0,0,0,1,0,0,0
0,0,25322,86816,0,1041.9,4791,62115,180.4,11464,6448,6,1,25168,111,0,86816,0,0.11,86816,1,0,1,0,0,1,0,0,0
0,0,34800,216941,0,1188.8,4791,90233,234.7,16839,5306,3,2,21173,73,0,216941,0,0.11,216941,0,0,1,0,0,1,0,0,0
0,0,28854,100363,0,3206.4,4791,42415,296.9,14082,5366,1,1,66171,33,0,100363,0,0.11,100363,0,0,1,0,0,1,0,0,0
0,0,40317,287446,0,4038.3,4791,257326,153.9,13100,6440,3,3,59600,186,0,287446,0,0.11,287446,0,0,1,1,0,1,0,0,0
0,1,16662,345402,0,3994.5,4791,233760,240.2,15258,5958,2,0,51120,49,0,345402,0,0.11,345402,1,1,0,0,0,1,0,1,1
0,1,49377,124127,0,2952.6,4791,11870,327.5,19513,7917,8,0,27058,88,0,124127,0,0.11,124127,0,0,0,0,0,1,0,1,0
0,0,32280,220372,0,5375.3,4791,97179,246.0,10885,5791,9,6,36676,86,0,220372,0,0.11,220372,1,0,1,1,0,1,0,0,1
0,0,45454,98124,0,5094.7,4791,93003,190.2,12161,5680,7,1,54808,264,0,98124,0,0.11,98124,1,0,1,1,0,1,0,0,1
0,0,43227,197007,0,5291.5,4791,28799,296.3,11794,6980,3,2,45468,19,0,197007,0,0.11,197007,1,0,1,1,0,1,0,0,1
0,1,35663,434618,0,3347.4,4791,48549,302.6,14768,7895,0,0,52391,80,0,434618,0,0.11,434618,0,1,0,0,0,0,0,1,0
1,0,11753,176137,0,1641.9,4791,154115,295.3,16951,5610,6,1,38182,280,0,176137,0,0.11,176137,1,1,1,0,0,1,0,0,1
0,0,31601,280740,0,2678.1,4791,13813,189.2,16908,7534,5,3,37921,2,0,280740,0,0.11,280740,1,0,1,0,0,1,0,0,0
1,1,33787,301561,0,1691.7,4791,16443,105.8,12581,5181,7,4,62501,94,0,301561,0,0.11,301561,1,0,1,0,0,1,0,1,1
0,0,37652,378502,0,5250.0,4791,117282,12.1,19951,6973,10,3,47801,144,0,378502,0,0.11,378502,1,0,1,1,0,1,0,0,1
1,0,14320,238894,0,4377.4,4791,90699,90.4,10470,6816,6,1,60622,294,1,238894,0,0.11,238894,1,1,1,1,1,1,0,0,1
0,1,11046,489788,0,5011.6,4791,54788,2.3,18215,6952,9,4,49143,240,0,489788,0,0.11,489788,0,1,1,1,0,1,0,1,1
0,0,34704,229260,0,2008.4,4791,70666,138.4,18565,7087,3,2,44592,6,0,229260,0,0.11,229260,1,0,1,0,0,1,0,0,0
0,0,16612,490641,0,3360.3,4791,206549,40.6,15991,5990,2,2,31126,42,0,490641,0,0.11,490641,0,0,1,0,0,1,1,0,0
0,0,48809,428457,0,5585.8,4791,355004,274.5,11434,6584,9,0,60672,197,1,428457,0,0.11,428457,0,0,0,1,1,1,0,0,0
0,0,44121,258530,0,4402.9,4791,133263,249.8,16776,5018,4,3,67481,162,0,258530,0,0.11,258530,0,0,1,1,0,1,0,0,0
0,0,28701,351411,0,1198.6,4791,151478,174.3,15864,5180,7,0,71499,71,0,351411,0,0.11,351411,0,0,0,0,0,1,0,0,0
0,1,17876,503026,0,5745.1,4791,428349,202.9,18929,5443,2,0,20591,201,0,503026,0,0.11,503026,0,1,0,1,0,1,0,1,1
1,0,14064,156659,0,1120.3,4791,118138,89.1,10995,7101,7,6,41559,114,0,156659,0,0.11,156659,1,0,1,0,0,1,0,0,0
0,1,26350,303357,0,1309.1,4791,169855,325.7,17704,5097,6,5,44133,204,0,303357,0,0.11,303357,0,1,1,0,0,1,0,1,1
0,0,25595,190074,0,2122.8,4791,11091,53.8,14715,5413,9,6,68987,86,0,190074,0,0.11,190074,0,0,1,0,0,1,0,0,0
1,1,17354,246780,0,1632.2,4791,184931,85.7,19787,5267,5,5,49290,162,0,246780,0,0.11,246780,0,1,1,0,0,1,0,1,1
1,1,17984,345861,0,2682.9,4791,248466,33.7,17776,6187,1,0,72417,271,0,345861,0,0.11,345861,1,1,0,0,0,1,0,1,1
0,0,49269,400418,0,4930.9,4791,16686,196.2,12131,5140,2,2,51841,88,0,400418,0,0.11,400418,0,0,1,1,0,1,0,0,0
0,0,21913,476627,0,2486.6,4791,179524,226.3,12995,7620,4,2,59483,6,0,476627,0,0.11,476627,0,0,1,0,0,1,1,0,0
0,0,31705,406768,0,4567.8,4791,159658,294.4,12683,5172,3,3,36367,229,1,406768,0,0.11,406768,0,1,1,1,1,1,0,0,1
0,0,33103,333729,0,2589.8,4791,44115,347.4,12276,6698,2,1,70386,206,0,333729,0,0.11,333729,1,1,1,0,0,1,0,0,1
0,1,20911,88583,0,2362.7,4791,85994,36.4,18707,7066,7,2,63926,10,0,88583,0,0.11,88583,0,0,1,0,0,1,0,1,0
0,0,10085,399213,0,5225.6,4791,118541,308.6,10531,7662,5,0,74815,237,0,399213,0,0.11,399213,1,0,0,1,0,1,0,0,0
0,0,18168,91109,0,5502.5,4791,48980,8.0,15716,7388,2,0,41204,187,0,91109,0,0.11,91109,1,0,0,1,0,1,0,0,0
0,0,46566,468246,0,5701.6,4791,439345,283.1,10935,6703,2,1,64313,235,0,468246,0,0.11,468246,1,1,1,1,0,1,0,0,1
0,0,21609,207793,0,5188.6,4791,97677,4.4,11148,5220,1,0,27109,113,0,207793,0,0.11,207793,1,0,0,1,0,1,0,0,0
0,0,10915,465225,0,3371.0,4791,111751,21.1,18587,6473,7,4,67872,133,0,465225,0,0.11,465225,1,1,1,0,0,1,0,0,1
1,0,38300,491583,0,4169.9,4791,42044,285.6,17346,7248,0,0,37383,155,0,491583,0,0.11,491583,0,1,0,1,0,0,0,0,0
0,0,15477,198156,0,5415.9,4791,127943,177.9,12648,5165,10,3,61854,179,0,198156,0,0.11,198156,1,0,1,1,0,1,0,0,1
1,1,27659,117036,0,5284.1,4791,19726,190.7,17604,5239,0,0,35864,223,0,117036,0,0.11,117036,0,0,0,1,0,0,0,1,0
0,0,10252,311880,0,4210.3,4791,267595,144.1,18003,6775,0,0,61898,243,0,311880,0,0.11,311880,0,1,0,1,0,0,0,0,0
0,0,40411,260614,0,5123.5,4791,145317,306.7,19925,7899,4,4,25071,174,0,260614,0,0.11,260614,0,0,1,1,0,1,0,0,0
0,0,31144,428675,0,5536.3,4791,202972,147.3,17621,7620,2,1,69700,56,1,428675,0,0.11,428675,0,0,1,1,1,1,0,0,1
0,1,23048,384043,0,5480.7,4791,363659,89.3,13165,5918,9,1,70891,300,0,384043,0,0.11,384043,1,0,1,1,0,1,0,1,1
1,0,35536,439237,0,3196.2,4791,277405,61.1,19661,6447,1,0,59973,114,0,439237,0,0.11,439237,1,0,0,0,0,1,0,0,0
1,0,47854,303563,0,2653.8,4791,83864,339.4,19966,5569,8,7,46944,25,1,303563,0,0.11,303563,0,0,1,0,1,1,0,0,0
1,1,38150,508702,0,5309.2,4791,131592,146.1,17361,6092,5,5,58765,64,0,508702,0,0.11,508702,0,1,1,1,0,1,0,1,1
0,0,41769,123444,0,4521.3,4791,102116,166.5,12957,7753,1,1,58206,106,1,123444,0,0.11,123444,0,0,1,1,1,1,0,0,1
0,0,44829,464607,0,5802.1,4791,55383,119.5,15521,7143,1,0,44306,153,0,464607,0,0.11,464607,0,0,0,1,0,1,0,0,0
0,0,23539,240588,0,4514.7,4791,136349,229.6,19048,6695,4,4,23210,5,0,240588,0,0.11,240588,0,1,1,1,0,1,0,0,1
0,0,18466,506541,0,1553.7,4791,63354,94.8,12279,6269,7,4,55240,28,0,506541,0,0.11,506541,1,1,1,0,0,1,0,0,1
0,1,39698,179056,0,5650.9,4791,142382,39.6,13873,5789,2,2,61447,289,0,179056,0,0.11,179056,0,0,1,1,0,1,0,1,1
0,0,42927,136443,0,2640.9,4791,132610,4.6,10378,5252,9,8,56315,91,0,136443,0,0.11,136443,0,0,1,0,0,1,0,0,0
0,0,12972,113684,0,3009.8,4791,84576,300.3,10280,5227,9,2,27957,271,0,113684,0,0.11,113684,1,0,1,0,0,1,0,0,0
0,0,43783,221397,0,1469.3,4791,97120,9.3,19588,6680,8,0,26671,122,0,221397,0,0.11,221397,0,0,0,0,0,1,0,0,0
0,0,31674,406120,0,4493.9,4791,25544,109.7,16468,6608,2,1,65593,62,0,406120,0,0.11,406120,0,1,1,1,0,1,0,0,1
1,0,48280,460168,0,4548.3,4791,195734,61.9,15007,5803,10,1,38698,107,0,460168,0,0.11,460168,1,0,1,1,0,1,1,0,1
0,1,48710,486085,0,4364.7,4791,302377,237.8,14979,6894,9,3,39463,25,0,486085,0,0.11,486085,1,0,1,1,0,1,0,1,1
0,0,44822,103035,0,4887.7,4791,40790,171.8,17125,5817,3,3,54594,82,0,103035,0,0.11,103035,0,0,1,1,0,1,0,0,0
0,0,43804,503438,0,5647.3,4791,490757,9.6,17345,6495,5,0,36181,203,0,503438,0,0.11,503438,1,0,0,1,0,1,0,0,0
0,1,43601,392995,0,5968.7,4791,386539,97.9,13852,6996,1,1,22023,58,0,392995,0,0.11,392995,0,0,1,1,0,1,0,1,1
0,0,37980,380052,0,5407.7,4791,113505,21.4,16563,5489,7,7,39459,213,1,380052,0,0.11,380052,0,1,1,1,1,1,0,0,1
0,0,42432,501637,0,2010.5,4791,153597,264.7,11493,7344,1,0,42148,190,0,501637,0,0.11,501637,1,1,0,0,0,1,0,0,0
0,0,38418,399159,0,4010.4,4791,86117,326.0,18385,5522,2,1,42363,226,0,399159,0,0.11,399159,0,0,1,1,0,1,0,0,0
0,0,38445,408211,0,3763.5,4791,67139,270.4,17081,7298,8,7,40056,266,1,408211,0,0.11,408211,1,1,1,0,1,1,0,0,1
0,0,23772,375360,0,2745.7,4791,178563,125.0,12591,6097,10,5,51982,263,0,375360,0,0.11,375360,1,1,1,0,0,1,0,0,1
0,0,28792,275234,0,3212.5,4791,76834,303.6,18562,5793,3,2,33524,120,0,275234,0,0.11,275234,0,0,1,0,0,1,0,0,0
0,0,21197,235820,0,2579.8,4791,226716,191.5,14140,5904,7,6,56693,279,0,235820,0,0.11,235820,1,1,1,0,0,1,0,0,1
1,0,22811,121181,0,4235.6,4791,109713,299.0,17553,7947,0,0,28491,239,0,121181,0,0.11,121181,0,0,0,1,0,0,0,0,0
1,0,23831,324519,0,3326.3,4791,6919,165.7,14927,6313,3,2,29957,195,0,324519,0,0.11,324519,0,0,1,0,0,1,0,0,0
1,0,39912,391668,0,2772.2,4791,107941,20.0,19272,7234,5,0,68269,282,0,391668,0,0.11,391668,1,0,0,0,0,1,0,0,0
0,0,10230,274429,0,5015.1,4791,254571,154.4,19410,5119,1,0,65143,106,0,274429,0,0.11,274429,0,1,0,1,0,1,0,0,0
0,1,18596,87643,0,1951.1,4791,57965,300.9,17159,7082,0,0,32943,244,0,87643,0,0.11,87643,0,0,0,0,0,0,0,1,0
0,1,31277,337732,0,4661.9,4791,89827,265.9,19970,5410,2,0,62486,132,0,337732,0,0.11,337732,0,0,0,1,0,1,0,1,0
1,0,40919,318974,0,4250.5,4791,255605,301.2,15103,7723,9,5,62094,265,0,318974,0,0.11,318974,1,0,1,1,0,1,0,0,1
0,0,19211,497275,0,1661.0,4791,101455,143.0,17430,6121,4,3,47093,61,0,497275,0,0.11,497275,0,0,1,0,0,1,0,0,0
0,0,21315,390905,0,4793.7,4791,137415,77.5,15234,6949,1,0,27004,258,0,390905,0,0.11,390905,1,1,0,1,0,1,0,0,1
0,0,20655,409994,0,5101.9,4791,79205,8.9,14049,7086,10,0,21665,104,0,409994,0,0.11,409994,1,1,0,1,0,1,0,0,1
0,0,19099,303236,0,2889.9,4791,40875,153.7,19569,6404,7,5,66910,115,0,303236,0,0.11,303236,1,1,1,0,0,1,0,0,1
0,1,10453,167020,0,2812.7,4791,31974,275.1,14988,7686,8,6,54484,268,0,167020,0,0.11,167020,0,1,1,0,0,1,0,1,1
0,0,37609,425818,0,5970.0,4791,303323,289.4,13833,6064,3,3,56908,254,0,425818,0,0.11,425818,0,0,1,1,0,1,0,0,0
1,0,36833,284674,0,3577.0,4791,59413,156.3,17984,6718,7,4,36984,102,0,284674,0,0.11,284674,0,0,1,0,0,1,0,0,0
0,0,41315,270795,0,5652.7,4791,64154,52.2,10179,5257,9,7,34424,171,0,270795,0,0.11,270795,1,0,1,1,0,1,0,0,1
0,1,43233,101351,0,2938.0,4791,81448,48.0,17127,6881,2,0,68479,39,1,101351,0,0.11,101351,1,0,0,0,1,1,0,1,1
0,0,24200,364152,0,3122.0,4791,285853,285.1,16431,5578,8,8,23164,129,0,364152,0,0.11,364152,0,1,1,0,0,1,0,0,0
1,0,15690,426783,0,4286.5,4791,265491,286.6,19918,6575,9,9,51486,108,1,426783,0,0.11,426783,0,1,1,1,1,1,0,0,1
0,0,25221,421229,0,4079.2,4791,411283,181.4,11089,5477,7,4,35171,66,1,421229,0,0.11,421229,0,0,1,1,1,1,0,0,1
0,0,37481,118825,0,4178.7,4791,117299,142.7,14765,5437,6,2,50190,127,0,118825,0,0.11,118825,1,0,1,1,0,1,0,0,1
0,0,43224,169426,0,5749.1,4791,141967,274.7,13444,7783,10,0,29928,115,0,169426,0,0.11,169426,1,0,0,1,0,1,0,0,0
0,0,17955,373260,0,3267.0,4791,129668,54.7,15962,7505,6,0,48406,293,0,373260,0,0.11,373260,1,1,0,0,0,1,0,0,0
0,1,13251,171787,0,4484.8,4791,32026,60.9,19470,7119,6,2,52073,132,0,171787,0,0.11,171787,1,1,1,1,0,1,0,1,1
0,0,22922,397194,0,2868.4,4791,356925,307.8,14658,7818,2,1,71215,48,0,397194,0,0.11,397194,0,0,1,0,0,1,0,0,0
0,0,46902,431084,0,5851.3,4791,75946,233.3,17316,6716,4,0,73680,75,0,431084,0,0.11,431084,1,0,0,1,0,1,1,0,1
0,0,33904,146619,0,2812.5,4791,139244,52.9,17753,5354,0,0,37477,1,0,146619,0,0.11,146619,0,0,0,0,0,0,0,0,0
0,0,41174,225364,0,3895.9,4791,49781,322.2,10304,7205,0,0,60851,115,0,225364,0,0.11,225364,0,0,0,0,0,0,0,0,0
1,1,25145,417175,0,1993.7,4791,256522,86.8,12163,6299,5,5,63945,229,0,417175,0,0.11,417175,0,0,1,0,0,1,0,1,0
0,0,29673,97291,0,5461.9,4791,67596,28.9,17516,6458,9,6,44950,83,0,97291,0,0.11,97291,1,0,1,1,0,1,0,0,1
0,0,49432,381663,0,3243.8,4791,242979,105.9,12457,6623,5,0,74894,164,0,381663,0,0.11,381663,0,0,0,0,0,1,0,0,0
1,1,31286,327339,0,2689.2,4791,253667,23.5,13729,6081,8,8,27403,73,0,327339,0,0.11,327339,0,1,1,0,0,1,0,1,1
0,0,13709,408674,0,4884.5,4791,176027,250.2,17634,7753,6,4,28447,97,0,408674,0,0.11,408674,1,0,1,1,0,1,1,0,1
0,0,37193,422425,0,2504.4,4791,195845,3.3,15807,6623,5,0,68393,295,1,422425,0,0.11,422425,0,1,0,0,1,1,0,0,0
1,0,18854,429348,0,2582.5,4791,215172,221.6,19834,6111,9,8,49831,224,1,429348,0,0.11,429348,1,1,1,0,1,1,1,0,1
0,0,14681,198976,0,3576.9,4791,153434,232.5,14838,7439,4,1,56194,25,0,198976,0,0.11,198976,0,1,1,0,0,1,0,0,0
0,0,33399,265568,0,5235.3,4791,195171,60.1,17664,5013,8,7,43984,57,0,265568,0,0.11,265568,1,0,1,1,0,1,0,0,1
0,0,40362,234683,0,4248.4,4791,153571,277.3,13888,7422,3,2,58925,52,0,234683,0,0.11,234683,0,0,1,1,0,1,0,0,0
0,0,37454,508464,0,5939.4,4791,110120,20.5,12705,7842,4,0,36194,40,0,508464,0,0.11,508464,1,0,0,1,0,1,0,0,0
0,1,29171,373466,0,2467.4,4791,296978,153.2,16293,5371,10,10,48893,52,0,373466,0,0.11,373466,0,0,1,0,0,1,0,1,0
0,0,49211,269631,0,2193.7,4791,249005,101.3,13655,6843,9,2,44747,200,0,269631,0,0.11,269631,1,0,1,0,0,1,0,0,0
0,0,43893,337387,0,5057.2,4791,266508,252.2,16099,6900,2,2,69327,203,0,337387,0,0.11,337387,0,0,1,1,0,1,0,0,0
0,0,15162,382358,0,5700.4,4791,293679,67.2,13489,6251,3,2,48174,164,0,382358,0,0.11,382358,0,0,1,1,0,1,0,0,0
0,0,29628,257060,0,1280.9,4791,142979,292.9,13562,7852,4,2,59910,55,0,257060,0,0.11,257060,0,0,1,0,0,1,0,0,0
0,0,18380,392615,0,4713.7,4791,151449,262.9,14551,5167,2,1,34104,211,0,392615,0,0.11,392615,1,1,1,1,0,1,0,0,1
1,0,41500,410371,0,3668.0,4791,391021,332.4,13262,6731,3,2,72778,261,0,410371,0,0.11,410371,0,0,1,0,0,1,0,0,0
0,0,15845,302235,0,4029.7,4791,176900,182.2,12566,5142,9,3,66636,258,0,302235,0,0.11,302235,1,1,1,1,0,1,0,0,1
0,0,32350,166609,0,5721.6,4791,135061,80.3,16856,6217,6,3,37110,211,0,166609,0,0.11,166609,0,0,1,1,0,1,0,0,0
0,1,43514,110268,0,5615.6,4791,20110,283.9,12834,5307,4,3,57242,154,0,110268,0,0.11,110268,1,0,1,1,0,1,0,1,1
0,0,26982,429609,0,4258.9,4791,78744,281.2,15000,5819,2,2,44130,6,0,429609,0,0.11,429609,0,1,1,1,0,1,0,0,1
0,0,36080,144311,0,3614.3,4791,121518,267.6,16493,5422,9,4,25907,230,0,144311,0,0.11,144311,1,0,1,0,0,1,0,0,0
0,1,32371,195130,0,5256.4,4791,70168,266.0,10559,7016,3,2,21104,202,0,195130,0,0.11,195130,1,0,1,1,0,1,0,1,1
0,0,33186,312512,0,5075.5,4791,31612,246.6,12933,5409,4,0,39637,52,0,312512,0,0.11,312512,1,0,0,1,0,1,0,0,0
0,0,41218,137837,0,2670.7,4791,132445,29.3,15201,7454,8,3,60024,61,0,137837,0,0.11,137837,0,0,1,0,0,1,0,0,0
1,1,12382,89500,0,3563.3,4791,50929,241.9,19665,7037,5,4,37431,85,0,89500,0,0.11,89500,1,0,1,0,0,1,0,1,1
0,0,15749,94231,0,1745.1,4791,49133,343.9,12680,5818,4,4,49111,245,0,94231,0,0.11,94231,0,0,1,0,0,1,0,0,0
0,0,25273,229676,0,4063.4,4791,124844,115.3,11472,7405,7,5,66398,291,0,229676,0,0.11,229676,1,0,1,1,0,1,0,0,1
0,0,34259,493058,0,1263.4,4791,354164,265.8,18801,5368,1,1,47794,30,0,493058,0,0.11,493058,0,1,1,0,0,1,0,0,0
0,0,22149,108688,0,2998.1,4791,6373,115.6,12539,5255,0,0,63609,133,0,108688,0,0.11,108688,0,0,0,0,0,0,0,0,0
0,0,27278,362342,0,5611.7,4791,229435,12.2,10381,7199,4,0,20222,221,0,362342,0,0.11,362342,1,0,0,1,0,1,0,0,0
0,0,34434,144746,0,5980.5,4791,22350,129.9,15377,5803,5,3,66238,43,0,144746,0,0.11,144746,0,0,1,1,0,1,0,0,0
0,0,15156,441605,0,5779.4,4791,377118,25.8,15940,5839,7,1,35047,297,1,441605,0,0.11,441605,0,1,1,1,1,1,1,0,1
1,0,21624,475054,0,3864.7,4791,428038,147.0,16611,6160,2,2,37612,243,0,475054,0,0.11,475054,0,0,1,0,0,1,0,0,0
0,1,11534,149872,0,1828.3,4791,44880,208.6,17471,6860,0,0,71033,66,0,149872,0,0.11,149872,0,0,0,0,0,0,0,1,0
0,0,35850,350064,0,2237.1,4791,146952,315.0,10156,6030,4,1,23477,259,0,350064,0,0.11,350064,0,0,1,0,0,1,0,0,0
0,0,37003,364680,0,4078.4,4791,236206,214.3,11240,7435,2,0,34016,221,0,364680,0,0.11,364680,1,0,0,1,0,1,0,0,0
0,0,21109,145715,0,1504.5,4791,125146,102.2,15293,5817,2,1,53190,109,0,145715,0,0.11,145715,1,0,1,0,0,1,0,0,0
0,0,30449,389193,0,4041.0,4791,346853,144.7,14414,6217,6,3,56693,232,0,389193,0,0.11,389193,1,1,1,1,0,1,0,0,1
0,0,30512,426560,0,2625.6,4791,260482,272.3,18658,7387,9,7,59623,183,0,426560,0,0.11,426560,1,0,1,0,0,1,1,0,1
0,0,14247,179308,0,3049.7,4791,166775,63.5,14806,6361,3,2,69143,244,0,179308,0,0.11,179308,1,0,1,0,0,1,0,0,0
1,0,30679,514277,0,2036.5,4791,217006,25.8,10333,7817,3,3,53079,8,0,514277,0,0.11,514277,0,0,1,0,0,1,1,0,0
0,1,19363,238834,0,3329.8,4791,164510,223.5,10290,7617,7,7,45847,294,0,238834,0,0.11,238834,0,0,1,0,0,1,0,1,0
0,1,12051,83637,0,3052.1,4791,9589,340.0,17496,5508,2,0,40575,281,0,83637,0,0.11,83637,1,0,0,0,0,1,0,1,0
1,0,34063,365739,0,4029.7,4791,219469,8.1,13937,5414,9,4,50048,128,0,365739,0,0.11,365739,1,1,1,1,0,1,0,0,1
0,0,42628,417607,0,4591.0,4791,30802,325.3,12664,6011,10,2,74910,257,0,417607,0,0.11,417607,1,0,1,1,0,1,0,0,1
0,0,45623,497801,0,2926.4,4791,104478,304.3,19195,5979,5,1,64781,272,1,497801,0,0.11,497801,1,0,1,0,1,1,0,0,1
0,0,17343,310165,0,3764.9,4791,115678,334.7,16286,5303,0,0,59241,109,0,310165,0,0.11,310165,0,0,0,0,0,0,0,0,0
0,0,35852,318409,0,4383.0,4791,207764,9.8,16696,5602,5,3,20399,15,0,318409,0,0.11,318409,0,0,1,1,0,1,0,0,0
0,0,25016,131123,0,3925.6,4791,20701,105.8,17460,5352,10,10,45715,136,0,131123,0,0.11,131123,0,0,1,0,0,1,0,0,0
0,0,25388,481430,0,4347.4,4791,173240,200.4,18042,7196,8,2,71511,130,1,481430,0,0.11,481430,1,0,1,1,1,1,0,0,1
0,0,26537,303428,0,1204.8,4791,254715,236.1,14377,7763,7,6,60945,223,0,303428,0,0.11,303428,1,0,1,0,0,1,0,0,0
0,0,37626,141446,0,1755.1,4791,91728,238.9,10102,5532,10,3,26711,34,1,141446,0,0.11,141446,1,0,1,0,1,1,0,0,1
0,0,17887,491921,0,4840.5,4791,196165,332.3,11108,7024,8,5,61565,50,0,491921,0,0.11,491921,0,0,1,1,0,1,0,0,0
0,0,20308,148291,0,4368.5,4791,65279,18.0,12769,7507,10,8,33443,36,1,148291,0,0.11,148291,1,0,1,1,1,1,0,0,1
0,0,39402,361965,0,1770.1,4791,245797,244.0,15408,5041,0,0,52946,267,0,361965,0,0.11,361965,0,0,0,0,0,0,0,0,0
0,0,24644,84205,0,4868.1,4791,10028,13.9,19892,5268,10,7,52256,212,1,84205,0,0.11,84205,1,0,1,1,1,1,0,0,1
0,0,27337,469438,0,4544.3,4791,309426,182.3,10981,7330,1,0,27851,205,0,469438,0,0.11,469438,1,0,0,1,0,1,0,0,0
1,0,46233,304132,0,1191.9,4791,210586,158.1,16718,6776,2,2,61326,15,0,304132,0,0.11,304132,0,0,1,0,0,1,0,0,0
0,1,46613,170640,0,5856.8,4791,163016,312.4,11546,6367,2,1,63584,196,0,170640,0,0.11,170640,1,0,1,1,0,1,0,1,1
0,0,21946,169303,0,5589.1,4791,44472,188.3,14336,5379,8,1,23114,253,1,169303,0,0.11,169303,1,0,1,1,1,1,0,0,1
0,0,37669,360101,0,5856.6,4791,135017,26.3,10683,5742,0,0,61598,103,0,360101,0,0.11,360101,0,0,0,1,0,0,0,0,0
1,0,17933,111105,0,3012.4,4791,78790,233.7,10032,6282,7,7,61490,147,0,111105,0,0.11,111105,0,0,1,0,0,1,0,0,0
0,0,14435,496395,0,3882.3,4791,387859,334.9,18824,6475,5,5,22765,243,0,496395,0,0.11,496395,0,1,1,0,0,1,1,0,1
0,0,19904,429382,0,4666.4,4791,134541,143.3,13245,5133,4,3,57327,203,1,429382,0,0.11,429382,0,1,1,1,1,1,0,0,1
0,0,14788,317175,0,5789.5,4791,38962,224.5,10491,6504,5,2,56603,77,0,317175,0,0.11,317175,1,1,1,1,0,1,0,0,1
0,0,17868,111588,0,2419.9,4791,84003,47.9,13243,7306,5,4,32551,50,0,111588,0,0.11,111588,1,0,1,0,0,1,0,0,0
0,0,26742,353545,0,1582.1,4791,21295,79.8,18401,7759,9,2,53330,31,0,353545,0,0.11,353545,1,1,1,0,0,1,0,0,1
0,0,38326,153000,0,1621.6,4791,126311,169.6,17140,6866,4,0,45791,294,0,153000,0,0.11,153000,1,0,0,0,0,1,0,0,0
1,1,22282,271358,0,5015.8,4791,20986,98.2,12797,5459,3,1,64427,286,0,271358,0,0.11,271358,1,1,1,1,0,1,0,1,1
0,0,19558,428464,0,5387.6,4791,63376,59.0,17113,6896,4,2,68838,136,0,428464,0,0.11,428464,0,1,1,1,0,1,0,0,1
0,1,18031,199613,0,3455.9,4791,80592,228.0,16738,6090,3,0,43221,237,1,199613,0,0.11,199613,1,1,0,0,1,1,0,1,1
1,0,39166,255218,0,3950.5,4791,85931,71.3,13010,5856,2,2,71227,215,0,255218,0,0.11,255218,0,0,1,0,0,1,0,0,0
0,0,13712,400657,0,2604.9,4791,195760,122.8,11169,5271,10,1,59125,231,1,400657,0,0.11,400657,1,0,1,0,1,1,0,0,1
0,0,32232,400117,0,5771.6,4791,189669,288.6,18967,7307,0,0,24578,233,0,400117,0,0.11,400117,0,1,0,1,0,0,0,0,0
0,0,15299,395360,0,3358.4,4791,156291,170.0,13881,6053,7,4,30057,85,0,395360,0,0.11,395360,1,1,1,0,0,1,0,0,1
0,0,26788,161194,0,4643.4,4791,125337,169.7,15179,5726,9,8,50566,172,0,161194,0,0.11,161194,0,0,1,1,0,1,0,0,0
0,0,46669,295952,0,4676.7,4791,104572,217.7,19151,7791,5,1,29867,211,0,295952,0,0.11,295952,1,0,1,1,0,1,0,0,1
0,1,25472,345804,0,2157.1,4791,227894,109.1,16196,7013,5,1,56309,271,0,345804,0,0.11,345804,1,1,1,0,0,1,0,1,1
1,1,12129,444564,0,4673.2,4791,213347,176.4,11580,7611,3,3,61933,5,0,444564,0,0.11,444564,0,1,1,1,0,1,1,1,1
0,1,13026,92708,0,3882.0,4791,36583,119.1,19316,6450,1,1,41793,109,0,92708,0,0.11,92708,0,0,1,0,0,1,0,1,0
1,0,47933,256869,0,5817.9,4791,240748,49.8,11492,7318,10,10,73080,80,0,256869,0,0.11,256869,0,0,1,1,0,1,0,0,0
0,0,19556,331561,0,2261.6,4791,232676,87.7,16940,6434,8,5,59674,170,0,331561,0,0.11,331561,0,1,1,0,0,1,0,0,0
0,1,33104,194226,0,4936.1,4791,80694,56.4,11978,5925,7,3,22309,179,0,194226,0,0.11,194226,1,0,1,1,0,1,0,1,1
0,0,18729,442575,0,2390.3,4791,55368,233.5,12116,6602,9,9,68229,199,0,442575,0,0.11,442575,0,1,1,0,0,1,0,0,0
1,0,46115,164669,0,5173.2,4791,100379,189.5,12459,6945,2,0,41117,173,0,164669,0,0.11,164669,1,0,0,1,0,1,0,0,0
0,0,33162,450147,0,5729.6,4791,395625,216.5,17589,5023,10,5,37549,135,0,450147,0,0.11,450147,1,1,1,1,0,1,1,0,1
0,0,16301,99815,0,5818.9,4791,97481,20.0,10356,7444,3,0,66237,122,0,99815,0,0.11,99815,0,0,0,1,0,1,0,0,0
0,0,42965,268021,0,1761.4,4791,87738,213.6,18116,5312,8,4,62625,2,0,268021,0,0.11,268021,0,0,1,0,0,1,0,0,0
1,0,42165,142595,0,3399.6,4791,111645,106.9,18505,6601,8,0,73196,141,0,142595,0,0.11,142595,0,0,0,0,0,1,0,0,0
0,0,13769,173081,0,4703.6,4791,106210,103.8,16998,6637,6,5,61530,187,0,173081,0,0.11,173081,0,1,1,1,0,1,0,0,1
0,0,32598,355054,0,5224.0,4791,146428,318.5,15830,6202,3,3,22394,68,0,355054,0,0.11,355054,0,0,1,1,0,1,0,0,0
0,0,26851,322945,0,1980.5,4791,65297,243.2,11507,7730,6,1,74452,235,1,322945,0,0.11,322945,1,1,1,0,1,1,0,0,1
0,0,45110,243720,0,1651.7,4791,64286,50.4,19168,6764,6,3,46759,30,0,243720,0,0.11,243720,1,0,1,0,0,1,0,0,0
0,0,19473,494937,0,2486.3,4791,488921,232.1,11975,7318,10,7,73638,221,0,494937,0,0.11,494937,1,0,1,0,0,1,0,0,0
0,1,15628,281756,0,3861.5,4791,208366,49.7,12077,6123,8,6,57590,237,0,281756,0,0.11,281756,1,1,1,0,0,1,0,1,1
1,0,13045,141569,0,5430.9,4791,77791,11.3,13164,6868,0,0,64628,209,1,141569,0,0.11,141569,0,0,0,1,1,0,0,0,0
1,0,23230,340338,0,4031.0,4791,126194,102.4,14207,7163,5,2,68055,286,0,340338,0,0.11,340338,0,0,1,1,0,1,0,0,0
0,0,36016,486510,0,5960.2,4791,336959,173.5,16275,5184,6,0,25821,225,0,486510,0,0.11,486510,1,1,0,1,0,1,0,0,1
0,0,22698,174982,0,3263.7,4791,133751,296.3,16719,6279,3,1,28257,185,0,174982,0,0.11,174982,1,0,1,0,0,1,0,0,0
0,0,26083,292294,0,5168.2,4791,179223,336.7,15790,7542,3,1,30901,11,0,292294,0,0.11,292294,0,1,1,1,0,1,0,0,1
0,0,43879,190041,0,2509.9,4791,137973,325.0,16999,5401,4,1,23006,93,1,190041,0,0.11,190041,0,0,1,0,1,1,0,0,0
0,0,41447,178082,0,5110.5,4791,39725,202.8,17665,5782,6,5,58140,127,0,178082,0,0.11,178082,1,0,1,1,0,1,0,0,1
0,1,13907,337148,0,1858.7,4791,40074,195.5,15349,5690,6,5,28270,293,0,337148,0,0.11,337148,1,1,1,0,0,1,0,1,1
0,0,11223,410683,0,3782.9,4791,138251,327.6,11763,7629,7,7,72375,213,0,410683,0,0.11,410683,0,0,1,0,0,1,0,0,0
1,0,34253,97788,0,1665.4,4791,42332,11.8,14210,7843,3,3,35729,251,0,97788,0,0.11,97788,0,0,1,0,0,1,0,0,0
1,0,20113,440639,0,5809.7,4791,20431,316.1,16124,6125,10,6,59518,33,0,440639,0,0.11,440639,0,0,1,1,0,1,0,0,0
0,0,30556,483294,0,4353.3,4791,235720,28.3,10828,6709,9,8,23777,264,0,483294,0,0.11,483294,0,1,1,1,0,1,0,0,1
0,0,28001,513635,0,5299.7,4791,270311,223.0,10629,6666,8,2,56535,205,0,513635,0,0.11,513635,0,1,1,1,0,1,0,0,1
1,0,22465,131177,0,5173.3,4791,50566,252.3,16948,6175,6,1,38834,103,0,131177,0,0.11,131177,1,0,1,1,0,1,0,0,1
0,0,35027,139010,0,1101.8,4791,81795,17.1,11980,5914,1,1,20909,259,0,139010,0,0.11,139010,0,0,1,0,0,1,0,0,0
0,0,20267,459052,0,3468.4,4791,400750,25.5,15906,6846,4,0,63397,184,0,459052,0,0.11,459052,0,1,0,0,0,1,0,0,0
0,0,30556,161995,0,1918.3,4791,64112,138.5,18417,6280,0,0,34850,244,0,161995,0,0.11,161995,0,0,0,0,0,0,0,0,0
1,0,16397,432721,0,1059.5,4791,114802,319.1,14163,6776,7,7,41375,118,0,432721,0,0.11,432721,0,1,1,0,0,1,0,0,0
0,0,21499,93558,0,3270.3,4791,87688,239.6,15127,7615,5,0,34035,275,0,93558,0,0.11,93558,1,0,0,0,0,1,0,0,0
0,1,37406,96421,0,3003.4,4791,42683,189.0,14647,6704,1,1,48416,173,0,96421,0,0.11,96421,0,0,1,0,0,1,0,1,0
0,0,38501,464710,0,1811.8,4791,416446,305.2,17855,6434,7,1,53691,35,0,464710,0,0.11,464710,1,1,1,0,0,1,0,0,1
0,0,33798,395821,0,1534.8,4791,38154,329.4,18551,5820,10,2,48240,290,0,395821,0,0.11,395821,0,1,1,0,0,1,1,0,1
0,0,28392,300891,0,3130.0,4791,184973,6.7,16238,7469,9,6,68368,287,1,300891,0,0.11,300891,0,0,1,0,1,1,0,0,0
0,0,31899,150015,0,4590.2,4791,9979,206.3,17312,7200,5,0,64944,148,0,150015,0,0.11,150015,0,0,0,1,0,1,0,0,0
0,0,41497,275482,0,5487.8,4791,110329,137.8,18469,7325,9,7,54029,223,0,275482,0,0.11,275482,1,0,1,1,0,1,0,0,1
0,1,46250,421841,0,3200.5,4791,389420,16.1,15716,5351,9,3,42300,92,0,421841,0,0.11,421841,1,0,1,0,0,1,0,1,1
0,0,13559,298877,0,3951.0,4791,179853,182.9,14152,5955,3,2,40340,255,0,298877,0,0.11,298877,1,1,1,0,0,1,0,0,1
0,0,46158,336616,0,1586.6,4791,85756,10.0,10497,7001,2,1,34982,271,0,336616,0,0.11,336616,0,0,1,0,0,1,0,0,0
0,0,11733,149478,0,5041.0,4791,140561,301.7,15881,5899,0,0,21468,24,0,149478,0,0.11,149478,0,1,0,1,0,0,0,0,0
0,0,26237,128543,0,2437.4,4791,70927,103.4,19657,6174,4,0,23138,295,0,128543,0,0.11,128543,0,0,0,0,0,1,0,0,0
0,1,42821,436133,0,4313.3,4791,412010,94.9,16473,7472,10,0,53424,7,0,436133,0,0.11,436133,1,0,0,1,0,1,0,1,1
0,1,34706,244248,0,5549.5,4791,169412,97.7,14515,5171,0,0,54937,229,0,244248,0,0.11,244248,0,0,0,1,0,0,0,1,0
0,1,49991,187231,0,4094.6,4791,187036,317.3,18665,6090,10,2,53040,145,1,187231,0,0.11,187231,1,0,1,1,1,1,0,1,1
0,0,36781,337516,0,1312.4,4791,231539,300.1,19729,6409,3,1,55762,243,0,337516,0,0.11,337516,1,0,1,0,0,1,0,0,0
0,0,13333,295179,0,2448.1,4791,241714,287.0,19704,7719,1,0,42050,46,0,295179,0,0.11,295179,1,1,0,0,0,1,0,0,0
0,0,16699,212101,0,3783.4,4791,79597,194.5,16863,7824,8,2,55598,76,0,212101,0,0.11,212101,0,0,1,0,0,1,0,0,0
0,0,22015,177333,0,5443.6,4791,38198,86.7,19827,5862,10,3,47529,106,0,177333,0,0.11,177333,1,0,1,1,0,1,0,0,1
0,1,35607,501529,0,3667.1,4791,387253,101.5,15338,6147,2,0,26623,167,0,501529,0,0.11,501529,1,0,0,0,0,1,1,1,1
0,0,41983,243492,0,2506.5,4791,159302,195.9,19171,5576,2,2,37355,69,0,243492,0,0.11,243492,0,0,1,0,0,1,0,0,0
0,0,12583,171024,0,2294.4,4791,19661,312.2,17621,7472,7,0,28350,152,0,171024,0,0.11,171024,1,0,0,0,0,1,0,0,0
0,0,37894,290372,0,3207.5,4791,40953,34.0,14206,7291,10,10,27204,201,0,290372,0,0.11,290372,0,0,1,0,0,1,0,0,0
0,1,12879,96406,0,3102.6,4791,77368,172.0,12627,6520,1,0,71884,233,0,96406,0,0.11,96406,1,0,0,0,0,1,0,1,0
0,0,42531,358150,0,4687.0,4791,242782,328.7,11995,7865,0,0,47416,118,0,358150,0,0.11,358150,0,0,0,1,0,0,0,0,0
0,0,45167,284250,0,1915.9,4791,109818,145.8,16963,6502,3,0,23290,64,0,284250,0,0.11,284250,1,0,0,0,0,1,0,0,0
0,0,29793,470590,0,3623.1,4791,21941,138.9,13925,5617,7,2,41060,106,0,470590,0,0.11,470590,0,1,1,0,0,1,1,0,1
0,0,45088,309589,0,1777.1,4791,212964,77.8,14176,7304,9,7,40641,300,0,309589,0,0.11,309589,1,0,1,0,0,1,0,0,0
0,0,27405,384153,0,2435.2,4791,218635,15.0,18186,5584,0,0,34386,217,1,384153,0,0.11,384153,0,1,0,0,1,0,0,0,0
0,0,16036,411016,0,3578.4,4791,304674,89.1,16062,7279,5,4,41437,148,0,411016,0,0.11,411016,0,1,1,0,0,1,0,0,0
0,1,25990,420251,0,4898.7,4791,269310,319.2,10921,6892,2,1,27323,253,0,420251,0,0.11,420251,1,1,1,1,0,1,0,1,1
1,0,24629,254397,0,5251.8,4791,10440,15.2,16361,5678,2,0,74967,15,0,254397,0,0.11,254397,1,1,0,1,0,1,0,0,1
0,0,35398,264380,0,3307.3,4791,213356,176.8,10708,6601,8,7,55246,38,0,264380,0,0.11,264380,1,0,1,0,0,1,0,0,0
0,0,41426,418882,0,4015.9,4791,304596,43.1,18406,7891,5,2,63120,281,0,418882,0,0.11,418882,0,0,1,1,0,1,0,0,0
1,1,38678,384220,0,3670.2,4791,337142,136.0,11155,7692,3,2,20163,83,1,384220,0,0.11,384220,0,0,1,0,1,1,0,1,1
0,0,40725,205241,0,5556.3,4791,73217,9.0,19027,6953,7,3,64031,124,0,205241,0,0.11,205241,1,0,1,1,0,1,0,0,1
0,1,37338,340583,0,4131.8,4791,269515,170.8,19150,7167,5,4,63672,68,0,340583,0,0.11,340583,1,0,1,1,0,1,0,1,1
0,0,15506,467106,0,3175.2,4791,304052,3.0,15057,5379,4,1,49016,269,0,467106,0,0.11,467106,0,1,1,0,0,1,0,0,0
0,0,47983,296117,0,4467.2,4791,263699,130.3,11493,6720,8,7,48682,241,1,296117,0,0.11,296117,1,0,1,1,1,1,0,0,1
0,0,10092,473189,0,1094.8,4791,285041,334.3,12408,6882,10,9,38364,208,0,473189,0,0.11,473189,0,0,1,0,0,1,0,0,0
0,0,15239,404050,0,5489.2,4791,379794,292.6,18735,7820,7,0,39081,4,0,404050,0,0.11,404050,0,0,0,1,0,1,0,0,0
0,1,14229,179721,0,2409.1,4791,88104,223.1,16454,5150,4,4,32852,183,0,179721,0,0.11,179721,0,0,1,0,0,1,0,1,0
0,0,43284,413185,0,5358.3,4791,222770,154.9,19060,6301,1,0,44482,56,0,413185,0,0.11,413185,1,0,0,1,0,1,0,0,0
0,0,39741,414733,0,5607.5,4791,124438,115.0,10351,7330,0,0,64596,255,0,414733,0,0.11,414733,0,0,0,1,0,0,0,0,0
1,0,26551,203966,0,2403.5,4791,122900,207.2,12007,5914,7,4,57632,24,0,203966,0,0.11,203966,1,0,1,0,0,1,0,0,0
0,1,32493,343525,0,3594.1,4791,231434,43.3,16919,6596,4,0,40135,147,1,343525,0,0.11,343525,0,1,0,0,1,1,0,1,1
0,0,17603,300036,0,3621.4,4791,47641,142.1,10977,6921,6,0,32981,113,0,300036,0,0.11,300036,1,0,0,0,0,1,0,0,0
0,0,25071,247483,0,2096.4,4791,223755,103.0,18869,7830,3,2,63124,30,0,247483,0,0.11,247483,1,0,1,0,0,1,0,0,0
0,0,32559,482930,0,3910.8,4791,216524,216.4,10974,6839,5,0,26656,15,0,482930,0,0.11,482930,0,0,0,0,0,1,0,0,0
0,0,33717,209500,0,5518.1,4791,18328,191.3,19395,7343,2,2,39212,155,0,209500,0,0.11,209500,0,0,1,1,0,1,0,0,0
0,0,15453,148899,0,1540.6,4791,74296,204.8,13054,7986,10,1,74847,196,0,148899,0,0.11,148899,0,0,1,0,0,1,0,0,0
0,1,25302,478810,0,3110.5,4791,173627,226.7,15544,7549,10,8,58270,179,0,478810,0,0.11,478810,1,1,1,0,0,1,0,1,1
0,0,28285,442391,0,1316.3,4791,133144,231.4,18019,6871,2,2,54921,263,0,442391,0,0.11,442391,0,1,1,0,0,1,0,0,0
0,0,30070,320174,0,2433.0,4791,252137,118.0,19598,5863,5,5,29479,92,0,320174,0,0.11,320174,0,1,1,0,0,1,0,0,0
1,0,47116,513107,0,2104.4,4791,22892,212.3,13846,7878,9,1,28076,18,0,513107,0,0.11,513107,1,1,1,0,0,1,0,0,1
0,0,38653,209690,0,3175.6,4791,72037,52.0,15894,5467,8,8,56314,25,1,209690,0,0.11,209690,0,0,1,0,1,1,0,0,0
0,0,23940,340835,0,4575.0,4791,206101,245.1,12583,6357,3,2,54129,117,0,340835,0,0.11,340835,1,1,1,1,0,1,0,0,1
0,0,43164,474525,0,2600.8,4791,165911,14.9,10389,5811,6,1,69472,64,0,474525,0,0.11,474525,1,0,1,0,0,1,0,0,0
0,0,22053,256925,0,1940.7,4791,203676,250.8,17635,7501,8,4,23623,281,0,256925,0,0.11,256925,0,1,1,0,0,1,0,0,0
1,0,27976,457549,0,2848.0,4791,277168,112.3,10904,5503,8,5,48858,219,0,457549,0,0.11,457549,0,0,1,0,0,1,0,0,0
1,0,42307,485432,0,5275.9,4791,45261,164.7,15465,5210,1,0,62872,209,0,485432,0,0.11,485432,1,1,0,1,0,1,1,0,1
0,0,27347,425375,0,2700.1,4791,346660,80.8,12148,5745,0,0,36529,277,1,425375,0,0.11,425375,0,1,0,0,1,0,0,0,0
1,0,46450,94519,0,4953.3,4791,16330,310.1,16785,5508,7,0,20441,192,0,94519,0,0.11,94519,1,0,0,1,0,1,0,0,0
0,0,37658,367705,0,4852.0,4791,84241,12.0,17671,7053,5,3,74734,117,0,367705,0,0.11,367705,0,0,1,1,0,1,0,0,0
0,0,26584,453269,0,2259.5,4791,392096,198.2,12401,6672,4,2,35585,77,0,453269,0,0.11,453269,1,0,1,0,0,1,0,0,0
0,0,12347,171672,0,5876.0,4791,12164,225.3,17357,6924,0,0,31756,300,0,171672,0,0.11,171672,0,0,0,1,0,0,0,0,0
0,0,28303,172246,0,2841.0,4791,138553,2.6,10561,5350,0,0,23605,75,0,172246,0,0.11,172246,0,0,0,0,0,0,0,0,0
1,0,18761,335570,0,2592.2,4791,206192,170.9,18116,7899,4,0,29331,100,0,335570,0,0.11,335570,0,1,0,0,0,1,0,0,0
1,0,37821,288507,0,5000.3,4791,257804,154.8,13119,7064,9,6,28369,103,0,288507,0,0.11,288507,1,0,1,1,0,1,0,0,1
0,0,29020,490279,0,5609.6,4791,381839,188.2,16312,5016,0,0,73141,56,0,490279,0,0.11,490279,0,0,0,1,0,0,0,0,0
1,0,25945,132706,0,5678.9,4791,8751,81.8,16629,7947,5,5,33186,171,0,132706,0,0.11,132706,0,0,1,1,0,1,0,0,0
0,0,12052,208708,0,2333.4,4791,58416,163.2,18689,5279,6,6,55423,275,0,208708,0,0.11,208708,0,1,1,0,0,1,0,0,0
0,1,20674,439961,0,3580.9,4791,24165,5.5,16684,6601,0,0,20040,61,0,439961,0,0.11,439961,0,1,0,0,0,0,0,1,0
0,0,46944,514644,0,3236.3,4791,76256,166.0,18925,6770,10,4,59297,193,1,514644,0,0.11,514644,0,1,1,0,1,1,0,0,1
0,0,14534,92825,0,4446.8,4791,51505,50.1,10313,5336,6,0,42552,198,0,92825,0,0.11,92825,0,0,0,1,0,1,0,0,0
0,0,23917,495525,0,1808.5,4791,205930,143.6,16860,7274,4,1,41576,247,1,495525,0,0.11,495525,1,0,1,0,1,1,0,0,1
0,0,35908,86314,0,3476.5,4791,40997,265.1,17040,6682,9,8,39356,72,0,86314,0,0.11,86314,0,0,1,0,0,1,0,0,0
0,0,20138,445377,0,1122.1,4791,337208,336.9,16015,6521,3,2,53397,230,0,445377,0,0.11,445377,1,1,1,0,0,1,0,0,1
1,0,46406,115675,0,1558.9,4791,9187,1.5,12045,6157,2,1,32878,239,1,115675,0,0.11,115675,1,0,1,0,1,1,0,0,1
0,0,39772,453683,0,4113.8,4791,266150,200.9,11266,6462,9,1,38217,157,0,453683,0,0.11,453683,1,1,1,1,0,1,0,0,1
0,0,27366,157936,0,4327.7,4791,43657,253.9,16081,6070,4,4,64386,187,0,157936,0,0.11,157936,0,0,1,1,0,1,0,0,0
0,0,23336,348834,0,5976.3,4791,88065,6.2,14287,6822,4,4,20819,42,0,348834,0,0.11,348834,0,1,1,1,0,1,0,0,1
0,0,46012,375763,0,2576.4,4791,21314,314.6,10318,7941,10,4,41021,92,0,375763,0,0.11,375763,1,0,1,0,0,1,0,0,0
0,1,49326,373873,0,2520.0,4791,288063,76.1,14172,5518,2,1,40609,203,0,373873,0,0.11,373873,1,0,1,0,0,1,0,1,1
0,0,29981,265166,0,2368.1,4791,180653,236.0,16669,7637,7,1,44230,297,0,265166,0,0.11,265166,1,0,1,0,0,1,0,0,0
0,0,38359,386477,0,2307.7,4791,33047,243.4,10501,5578,5,0,57593,20,1,386477,0,0.11,386477,0,0,0,0,1,1,0,0,0
0,1,23997,387654,0,1655.1,4791,207274,282.4,17451,7589,5,4,44503,223,0,387654,0,0.11,387654,1,0,1,0,0,1,0,1,1
0,1,40785,306395,0,5751.2,4791,276786,44.6,19282,7256,5,4,63922,210,0,306395,0,0.11,306395,1,0,1,1,0,1,0,1,1
1,0,21219,248284,0,2564.4,4791,134866,82.0,19520,5338,10,0,65192,190,0,248284,0,0.11,248284,0,0,0,0,0,1,0,0,0
0,0,26294,346398,0,4199.7,4791,11999,257.8,14845,7355,8,4,69047,79,0,346398,0,0.11,346398,1,1,1,1,0,1,0,0,1
0,0,48362,196492,0,2034.1,4791,189363,319.3,14593,5573,2,0,62045,157,0,196492,0,0.11,196492,1,0,0,0,0,1,0,0,0
0,0,17008,304182,0,4619.9,4791,121446,203.0,17815,6793,7,1,56805,4,0,304182,0,0.11,304182,0,1,1,1,0,1,0,0,1
0,0,32802,386411,0,5815.7,4791,114067,148.7,15105,6165,9,4,31915,154,0,386411,0,0.11,386411,1,1,1,1,0,1,0,0,1
0,0,21253,247560,0,1917.7,4791,119807,263.6,14330,6308,5,0,27634,146,0,247560,0,0.11,247560,1,1,0,0,0,1,0,0,0
0,0,46540,133940,0,5995.7,4791,13562,78.3,15850,7798,1,1,35818,104,0,133940,0,0.11,133940,0,0,1,1,0,1,0,0,0
0,0,15302,478240,0,3872.2,4791,63562,257.2,11958,5278,9,1,24976,177,1,478240,0,0.11,478240,1,1,1,0,1,1,0,0,1
0,0,41041,234694,0,3838.4,4791,85607,154.7,10053,6846,7,0,27793,185,0,234694,0,0.11,234694,1,0,0,0,0,1,0,0,0
1,0,36276,509361,0,1245.8,4791,242389,302.0,17164,6858,9,3,36819,37,0,509361,0,0.11,509361,1,1,1,0,0,1,0,0,1
1,0,35449,247359,0,1291.6,4791,117521,215.2,13245,5031,6,5,40240,210,0,247359,0,0.11,247359,1,0,1,0,0,1,0,0,0
0,0,16419,495397,0,2432.5,4791,156439,297.0,12862,6144,3,3,23491,148,0,495397,0,0.11,495397,0,1,1,0,0,1,0,0,0
0,0,43722,222773,0,4531.2,4791,184435,74.2,11923,6870,9,2,21130,157,0,222773,0,0.11,222773,1,0,1,1,0,1,0,0,1
0,0,34151,509808,0,3242.9,4791,223031,178.9,14863,7776,1,0,47654,259,0,509808,0,0.11,509808,1,0,0,0,0,1,0,0,0
0,0,29519,93233,0,5979.4,4791,17053,249.2,13755,5206,0,0,44796,178,0,93233,0,0.11,93233,0,0,0,1,0,0,0,0,0
0,0,12053,376188,0,4319.0,4791,102770,189.5,18377,7238,4,0,48032,40,1,376188,0,0.11,376188,0,1,0,1,1,1,0,0,1
0,1,34196,212649,0,1872.2,4791,79899,118.3,15074,6560,7,1,54562,42,1,212649,0,0.11,212649,0,0,1,0,1,1,0,1,1
0,0,44257,150122,0,4650.7,4791,71503,245.3,17688,5665,0,0,58042,124,0,150122,0,0.11,150122,0,0,0,1,0,0,0,0,0
0,0,19256,465763,0,1810.3,4791,313489,320.9,19630,5851,3,0,61917,132,0,465763,0,0.11,465763,0,1,0,0,0,1,0,0,0
1,0,38819,351597,0,1174.0,4791,254033,332.2,14714,5035,4,1,62826,236,0,351597,0,0.11,351597,1,0,1,0,0,1,0,0,0
0,0,29924,260521,0,4020.6,4791,50974,146.3,11849,6061,1,1,20622,98,0,260521,0,0.11,260521,0,0,1,1,0,1,0,0,0
0,0,42354,402838,0,2415.2,4791,128685,20.8,10002,6832,4,1,70063,5,0,402838,0,0.11,402838,1,0,1,0,0,1,0,0,0
0,0,48368,381888,0,3171.7,4791,119167,265.4,10038,5288,7,6,68772,83,0,381888,0,0.11,381888,1,0,1,0,0,1,0,0,0
0,0,20507,168178,0,2450.2,4791,34958,262.0,11038,6311,0,0,46197,237,1,168178,0,0.11,168178,0,0,0,0,1,0,0,0,0
0,1,29583,355001,0,4140.8,4791,188446,343.0,12363,6012,3,1,35528,56,1,355001,0,0.11,355001,1,0,1,1,1,1,0,1,1
0,0,49142,180042,0,4382.3,4791,170274,340.8,17233,7677,10,4,24603,125,0,180042,0,0.11,180042,0,0,1,1,0,1,0,0,0
0,0,41849,94754,0,4115.4,4791,7454,38.6,10978,7603,2,0,24183,81,0,94754,0,0.11,94754,0,0,0,1,0,1,0,0,0
0,0,27297,101791,0,1461.8,4791,99026,61.4,13405,7936,10,6,59604,273,0,101791,0,0.11,101791,0,0,1,0,0,1,0,0,0
0,0,28297,158132,0,1779.1,4791,67997,156.3,10174,5079,3,0,42292,149,0,158132,0,0.11,158132,1,0,0,0,0,1,0,0,0
0,0,47115,193172,0,3934.0,4791,150738,243.5,10844,6262,1,0,70963,292,0,193172,0,0.11,193172,1,0,0,0,0,1,0,0,0
0,1,22290,433860,0,1497.5,4791,252570,30.9,14717,7120,5,4,46773,263,0,433860,0,0.11,433860,1,1,1,0,0,1,0,1,1
0,0,13974,395910,0,2607.1,4791,42695,172.1,13536,5873,0,0,62266,181,0,395910,0,0.11,395910,0,1,0,0,0,0,0,0,0
0,0,26700,302623,0,3219.0,4791,143492,118.5,18338,5113,7,2,38427,24,0,302623,0,0.11,302623,1,0,1,0,0,1,0,0,0
0,0,46865,152805,0,1154.8,4791,142138,289.7,16676,5168,7,3,67550,63,0,152805,0,0.11,152805,0,0,1,0,0,1,0,0,0
0,0,33383,222800,0,2042.0,4791,186401,118.2,11070,7518,8,4,73600,2,1,222800,0,0.11,222800,0,0,1,0,1,1,0,0,0
0,1,12198,398531,0,2111.1,4791,104908,153.5,11604,5370,3,0,65072,138,0,398531,0,0.11,398531,1,1,0,0,0,1,0,1,1
0,0,43672,296534,0,3595.2,4791,200246,32.0,12804,7312,9,9,39694,166,0,296534,0,0.11,296534,0,0,1,0,0,1,0,0,0
0,0,28114,120021,0,3115.7,4791,109369,283.1,10356,6594,3,2,61929,156,0,120021,0,0.11,120021,1,0,1,0,0,1,0,0,0
0,0,41916,251945,0,3901.1,4791,127786,211.1,10068,5858,2,2,63999,174,1,251945,0,0.11,251945,0,0,1,0,1,1,0,0,0
0,0,15061,369596,0,3506.0,4791,200670,88.1,19463,7759,9,0,62695,268,0,369596,0,0.11,369596,1,1,0,0,0,1,0,0,0
0,0,29070,397850,0,2923.3,4791,352812,115.4,18715,7910,4,4,20502,42,0,397850,0,0.11,397850,0,0,1,0,0,1,0,0,0
0,0,45068,452066,0,3694.4,4791,154393,171.5,19518,7114,8,8,24435,298,0,452066,0,0.11,452066,0,1,1,0,0,1,0,0,0
0,0,13750,369562,0,1346.0,4791,157757,184.6,14924,6170,7,7,61259,209,0,369562,0,0.11,369562,0,1,1,0,0,1,0,0,0
0,1,32876,120197,0,5701.2,4791,82602,158.3,16342,7508,8,3,68166,213,1,120197,0,0.11,120197,1,0,1,1,1,1,0,1,1
0,0,19452,202000,0,4417.0,4791,178673,322.9,11240,6839,10,9,20850,31,0,202000,0,0.11,202000,1,1,1,1,0,1,0,0,1
0,0,35926,106724,0,3155.6,4791,15048,269.9,17334,7954,7,1,26303,174,0,106724,0,0.11,106724,1,0,1,0,0,1,0,0,0
0,1,31302,188110,0,2945.6,4791,50788,8.1,18225,6202,5,2,66300,172,0,188110,0,0.11,188110,0,0,1,0,0,1,0,1,0
0,0,22592,482961,0,5029.2,4791,37082,299.2,11913,6571,4,3,40527,172,0,482961,0,0.11,482961,0,1,1,1,0,1,1,0,1
0,0,39525,449986,0,3387.3,4791,310267,341.3,13010,7721,2,0,42641,140,0,449986,0,0.11,449986,1,0,0,0,0,1,0,0,0
1,0,23840,172902,0,4060.1,4791,44555,219.6,15276,5095,10,7,64482,137,0,172902,0,0.11,172902,0,0,1,1,0,1,0,0,0
0,1,23912,198237,0,4174.9,4791,189616,320.2,14622,5069,0,0,63428,266,0,198237,0,0.11,198237,0,0,0,1,0,0,0,1,0
0,0,10147,506665,0,1421.0,4791,139769,19.8,18820,6345,8,1,53844,290,0,506665,0,0.11,506665,1,1,1,0,0,1,0,0,1
0,0,47506,454993,0,2636.9,4791,13784,236.6,18381,5725,10,5,29337,277,0,454993,0,0.11,454993,0,0,1,0,0,1,1,0,0
0,0,11619,382887,0,2132.5,4791,104040,344.1,18893,7834,3,0,20941,242,0,382887,0,0.11,382887,0,1,0,0,0,1,0,0,0
0,0,39243,323550,0,4251.8,4791,160877,79.7,10693,7111,7,4,71893,56,0,323550,0,0.11,323550,1,0,1,1,0,1,0,0,1
0,0,30375,445622,0,2260.3,4791,7155,82.2,12893,5864,2,2,53150,105,0,445622,0,0.11,445622,0,0,1,0,0,1,0,0,0
1,0,36279,379030,0,5669.3,4791,320902,237.1,12135,7429,9,0,22349,160,0,379030,0,0.11,379030,0,1,0,1,0,1,0,0,0
0,0,13419,318417,0,2182.3,4791,217856,166.6,13353,5538,8,8,27008,53,0,318417,0,0.11,318417,0,1,1,0,0,1,0,0,0
0,0,23718,199195,0,5242.2,4791,57588,87.7,17688,7437,8,3,45168,72,0,199195,0,0.11,199195,1,0,1,1,0,1,0,0,1
0,1,47646,353957,0,4786.3,4791,323609,324.8,17943,6117,7,1,70793,243,0,353957,0,0.11,353957,1,0,1,1,0,1,0,1,1
0,0,12084,359082,0,4568.7,4791,288655,34.2,18827,6866,5,0,70026,277,0,359082,0,0.11,359082,0,1,0,1,0,1,0,0,0
0,0,28342,292401,0,3362.7,4791,110528,325.2,18838,6146,0,0,20130,98,0,292401,0,0.11,292401,0,1,0,0,0,0,0,0,0
0,0,16448,209869,0,4449.5,4791,122876,333.4,17256,6027,6,4,36931,107,1,209869,0,0.11,209869,1,1,1,1,1,1,0,0,1
0,0,36797,206602,0,3551.0,4791,202504,248.7,17504,5183,0,0,40664,78,0,206602,0,0.11,206602,0,0,0,0,0,0,0,0,0
0,0,25641,187127,0,2863.6,4791,38956,102.8,14048,7741,5,0,63959,239,1,187127,0,0.11,187127,0,0,0,0,1,1,0,0,0
0,0,28518,376890,0,1640.8,4791,68029,46.5,10674,6713,0,0,41711,133,0,376890,0,0.11,376890,0,1,0,0,0,0,0,0,0
0,0,42698,108796,0,2468.8,4791,56400,183.8,17828,6919,2,2,32716,189,0,108796,0,0.11,108796,0,0,1,0,0,1,0,0,0
1,0,49817,395804,0,1172.0,4791,81875,267.3,13989,6551,0,0,49988,47,0,395804,0,0.11,395804,0,0,0,0,0,0,0,0,0
0,0,30925,492042,0,5077.3,4791,148670,97.0,15755,7567,3,1,29795,69,0,492042,0,0.11,492042,0,1,1,1,0,1,1,0,1
1,0,32177,395619,0,4450.8,4791,313205,347.8,16107,7699,6,0,65186,159,0,395619,0,0.11,395619,1,1,0,1,0,1,0,0,1
0,0,11295,250959,0,4748.6,4791,68578,142.3,19151,7847,10,1,63188,180,0,250959,0,0.11,250959,1,1,1,1,0,1,0,0,1
0,0,24862,292888,0,4848.9,4791,143946,276.9,14425,7877,5,3,45079,164,0,292888,0,0.11,292888,1,1,1,1,0,1,0,0,1
0,0,26771,382170,0,1044.9,4791,361553,96.8,19884,7039,6,4,36160,16,1,382170,0,0.11,382170,1,1,1,0,1,1,0,0,1
0,0,11030,359749,0,5956.7,4791,184417,150.8,10799,6423,9,1,34341,236,0,359749,0,0.11,359749,0,0,1,1,0,1,0,0,0
0,1,10513,111658,0,1841.4,4791,24405,311.6,10826,5996,0,0,58245,112,1,111658,0,0.11,111658,0,1,0,0,1,0,0,1,0
0,0,34342,250543,0,1359.3,4791,20325,247.1,17836,6449,9,2,65417,86,0,250543,0,0.11,250543,0,0,1,0,0,1,0,0,0
0,0,10944,309084,0,3965.8,4791,201788,314.6,12414,7774,8,4,29426,78,0,309084,0,0.11,309084,1,1,1,0,0,1,0,0,1
0,0,40701,497713,0,5556.8,4791,235375,231.3,11379,5863,8,0,68359,134,0,497713,0,0.11,497713,1,1,0,1,0,1,1,0,1
0,0,11131,499231,0,3426.2,4791,358509,22.3,15153,7401,2,1,30131,194,0,499231,0,0.11,499231,1,1,1,0,0,1,0,0,1
0,0,38983,176362,0,4623.6,4791,74674,212.1,13044,6771,7,6,59280,73,0,176362,0,0.11,176362,1,0,1,1,0,1,0,0,1
0,0,49386,199139,0,2719.4,4791,107748,46.3,11026,6818,8,1,61211,125,0,199139,0,0.11,199139,0,0,1,0,0,1,0,0,0
0,0,36938,231422,0,5874.1,4791,55160,142.4,16621,6547,5,2,35747,234,0,231422,0,0.11,231422,1,0,1,1,0,1,0,0,1
0,1,15266,356575,0,3716.1,4791,273140,158.2,14766,5344,9,3,37676,59,0,356575,0,0.11,356575,1,1,1,0,0,1,0,1,1
0,0,27750,193548,0,2773.8,4791,25713,281.4,19360,5018,10,4,23252,156,0,193548,0,0.11,193548,1,0,1,0,0,1,0,0,0
1,1,35877,252055,0,3343.7,4791,200337,29.5,16623,6414,8,8,50290,125,0,252055,0,0.11,252055,0,0,1,0,0,1,0,1,0
0,0,12459,496216,0,4353.3,4791,12575,175.5,12456,5149,2,1,68723,74,0,496216,0,0.11,496216,0,1,1,1,0,1,0,0,1
0,0,10989,89487,0,1973.2,4791,26677,63.0,17347,7302,5,3,58578,120,0,89487,0,0.11,89487,1,0,1,0,0,1,0,0,0
0,0,43126,505083,0,3742.4,4791,166959,78.0,17201,6147,1,1,31018,127,0,505083,0,0.11,505083,0,1,1,0,0,1,0,0,0
0,0,32691,372904,0,3797.0,4791,263112,250.8,14324,5978,8,2,26187,169,0,372904,0,0.11,372904,1,1,1,0,0,1,0,0,1
1,0,17346,215676,0,4432.0,4791,82555,72.8,11663,6167,5,1,46442,233,0,215676,0,0.11,215676,1,1,1,1,0,1,0,0,1
0,0,21120,395169,0,2692.0,4791,252339,334.5,19680,6154,5,5,67631,159,0,395169,0,0.11,395169,0,0,1,0,0,1,0,0,0
1,1,23011,114418,0,4159.6,4791,40961,211.2,12757,7233,7,7,56703,84,0,114418,0,0.11,114418,0,0,1,1,0,1,0,1,1
0,0,22855,382991,0,2086.7,4791,57798,194.0,19980,5788,2,0,51305,61,0,382991,0,0.11,382991,1,0,0,0,0,1,0,0,0
1,0,27268,273545,0,4510.1,4791,180358,313.7,12536,7383,7,3,25806,12,0,273545,0,0.11,273545,0,0,1,1,0,1,0,0,0
0,0,37921,90197,0,3420.7,4791,34758,142.3,15874,7578,7,4,40240,91,0,90197,0,0.11,90197,1,0,1,0,0,1,0,0,0
0,1,40844,407126,0,3941.5,4791,295141,223.0,18618,7661,3,2,65169,41,0,407126,0,0.11,407126,1,0,1,0,0,1,0,1,1
1,1,34621,461276,0,4015.8,4791,339999,243.8,18612,5613,1,0,69908,31,0,461276,0,0.11,461276,1,1,0,1,0,1,0,1,1
0,0,35318,146114,0,3816.8,4791,100851,248.6,10009,7526,2,1,63668,45,0,146114,0,0.11,146114,1,0,1,0,0,1,0,0,0
0,0,17521,292906,0,4634.4,4791,138413,193.3,19143,5498,9,5,55028,288,0,292906,0,0.11,292906,0,1,1,1,0,1,0,0,1
0,1,23481,166107,0,2099.5,4791,123846,203.0,16718,5555,0,0,73459,89,0,166107,0,0.11,166107,0,0,0,0,0,0,0,1,0
0,0,35265,271173,0,3503.7,4791,149593,247.6,16543,7578,5,5,50350,224,0,271173,0,0.11,271173,0,0,1,0,0,1,0,0,0
0,0,30521,115085,0,1775.8,4791,14219,128.7,15955,6758,2,2,40127,254,0,115085,0,0.11,115085,0,0,1,0,0,1,0,0,0
0,1,15049,97737,0,5200.0,4791,60094,135.3,17476,6184,0,0,69228,278,0,97737,0,0.11,97737,0,0,0,1,0,0,0,1,0
0,0,44942,491372,0,2950.7,4791,374519,101.8,10083,6950,8,4,53103,80,0,491372,0,0.11,491372,1,1,1,0,0,1,1,0,1
0,0,20781,236988,0,1919.1,4791,43798,101.6,11917,5000,3,3,28963,173,0,236988,0,0.11,236988,0,1,1,0,0,1,0,0,0
0,0,19930,157365,0,1481.3,4791,130738,148.0,12676,5569,6,1,60529,146,0,157365,0,0.11,157365,0,0,1,0,0,1,0,0,0
0,0,12154,486478,0,2491.3,4791,172468,231.1,13490,6131,4,1,40442,208,0,486478,0,0.11,486478,1,1,1,0,0,1,0,0,1
0,0,23425,192224,0,3040.5,4791,75642,332.8,16143,5206,2,1,33994,239,1,192224,0,0.11,192224,1,0,1,0,1,1,0,0,1
0,0,25402,392093,0,1396.0,4791,363917,316.4,15167,7490,3,3,52380,174,0,392093,0,0.11,392093,0,1,1,0,0,1,0,0,0
1,0,32418,145715,0,3066.6,4791,137322,347.9,18084,7034,4,3,62800,154,0,145715,0,0.11,145715,1,0,1,0,0,1,0,0,0
0,0,22973,167774,0,4147.7,4791,69923,313.3,14699,5945,4,0,50755,160,0,167774,0,0.11,167774,1,0,0,1,0,1,0,0,0
1,0,12739,260566,0,4349.6,4791,138967,53.5,11418,5746,9,3,57305,279,0,260566,0,0.11,260566,1,1,1,1,0,1,0,0,1
0,0,22192,206129,0,4214.0,4791,128463,313.9,15354,6105,5,5,31145,107,0,206129,0,0.11,206129,0,0,1,1,0,1,0,0,0
0,0,24798,178990,0,3885.6,4791,37377,152.6,15101,6029,1,0,72363,3,0,178990,0,0.11,178990,1,0,0,0,0,1,0,0,0
0,0,42912,510732,0,1109.4,4791,457894,222.0,19570,6783,1,0,40392,7,0,510732,0,0.11,510732,0,0,0,0,0,1,0,0,0
0,0,39390,191677,0,4405.4,4791,99031,315.7,12299,6793,1,0,43941,177,1,191677,0,0.11,191677,1,0,0,1,1,1,0,0,1
0,0,25714,439499,0,5521.2,4791,390869,55.6,11833,5009,3,1,31223,289,0,439499,0,0.11,439499,0,1,1,1,0,1,1,0,1
1,0,24291,186421,0,5890.4,4791,181834,102.5,16881,6511,3,2,36288,202,0,186421,0,0.11,186421,1,0,1,1,0,1,0,0,1
0,0,15542,312235,0,1476.7,4791,94717,304.6,10221,7670,8,7,29051,20,0,312235,0,0.11,312235,0,0,1,0,0,1,0,0,0
0,0,11273,160413,0,2232.4,4791,147533,192.5,19564,5553,1,1,62220,72,1,160413,0,0.11,160413,0,1,1,0,1,1,0,0,1
0,0,22169,475278,0,4394.1,4791,7498,309.8,19286,6536,8,7,25577,279,0,475278,0,0.11,475278,1,1,1,1,0,1,0,0,1
0,0,28857,296047,0,3144.2,4791,15734,322.5,11908,7466,5,2,39938,255,0,296047,0,0.11,296047,1,0,1,0,0,1,0,0,0
0,0,12351,436924,0,3684.7,4791,203611,247.7,10626,5482,10,8,28423,176,0,436924,0,0.11,436924,0,1,1,0,0,1,0,0,0
0,0,10080,114488,0,3788.2,4791,73373,108.2,17598,5261,1,0,48877,116,0,114488,0,0.11,114488,0,1,0,0,0,1,0,0,0
0,0,42089,477602,0,3196.0,4791,347718,103.0,11084,7733,0,0,22497,169,0,477602,0,0.11,477602,0,1,0,0,0,0,0,0,0
0,1,19913,474821,0,4523.7,4791,196620,58.1,19641,6603,0,0,31526,62,0,474821,0,0.11,474821,0,1,0,1,0,0,1,1,1
0,0,31975,214283,0,3135.0,4791,95467,86.7,17513,7863,8,2,36019,24,0,214283,0,0.11,214283,1,0,1,0,0,1,0,0,0
0,0,27140,97306,0,5709.9,4791,40740,290.8,15668,7838,9,0,20453,183,0,97306,0,0.11,97306,1,0,0,1,0,1,0,0,0
0,0,25256,138029,0,1322.7,4791,95947,57.9,15275,7402,1,0,20985,235,0,138029,0,0.11,138029,1,0,0,0,0,1,0,0,0
0,0,14712,212923,0,4081.7,4791,78448,62.6,19020,6666,1,1,20655,210,0,212923,0,0.11,212923,0,0,1,1,0,1,0,0,0
0,1,29005,334074,0,5674.1,4791,272835,325.8,10813,5563,5,4,46326,40,0,334074,0,0.11,334074,1,1,1,1,0,1,0,1,1
0,0,10058,374586,0,2081.5,4791,247672,201.8,12284,5348,7,7,61495,291,1,374586,0,0.11,374586,0,0,1,0,1,1,0,0,0
0,0,27410,151652,0,2503.3,4791,98007,43.8,18135,6417,8,2,48904,275,1,151652,0,0.11,151652,1,0,1,0,1,1,0,0,1
0,0,48350,258763,0,4725.6,4791,31317,142.6,10441,5522,7,0,67023,193,0,258763,0,0.11,258763,1,0,0,1,0,1,0,0,0
1,0,24896,88670,0,1129.1,4791,23192,283.4,11068,7802,1,1,31619,215,0,88670,0,0.11,88670,0,0,1,0,0,1,0,0,0
0,0,18029,286248,0,2619.1,4791,221549,238.7,17281,7115,1,1,23683,109,0,286248,0,0.11,286248,0,0,1,0,0,1,0,0,0
0,0,26912,384371,0,3371.3,4791,232187,135.0,11122,6774,5,3,36702,35,0,384371,0,0.11,384371,1,0,1,0,0,1,0,0,0
0,0,49607,482511,0,2475.9,4791,319595,223.3,13044,7045,10,5,55713,197,0,482511,0,0.11,482511,0,0,1,0,0,1,0,0,0
0,0,11073,270619,0,2133.7,4791,44289,337.5,11374,6244,5,5,34605,247,0,270619,0,0.11,270619,0,0,1,0,0,1,0,0,0
0,0,38012,143351,0,4809.7,4791,38856,135.4,13315,5878,7,3,70610,163,0,143351,0,0.11,143351,0,0,1,1,0,1,0,0,0
0,0,23040,242675,0,4169.7,4791,49048,306.7,14070,5533,6,6,28891,41,0,242675,0,0.11,242675,0,1,1,1,0,1,0,0,1
0,0,19082,443632,0,3577.6,4791,194758,240.4,15143,5246,0,0,74705,185,0,443632,0,0.11,443632,0,1,0,0,0,0,0,0,0
0,0,35607,123348,0,1015.5,4791,52316,223.3,19054,6890,8,5,44771,178,0,123348,0,0.11,123348,0,0,1,0,0,1,0,0,0
0,0,18659,154966,0,1342.7,4791,60402,75.2,16337,6527,0,0,49586,41,0,154966,0,0.11,154966,0,0,0,0,0,0,0,0,0
0,0,18835,442862,0,1065.8,4791,377925,147.7,10436,7086,2,1,51251,169,0,442862,0,0.11,442862,1,1,1,0,0,1,1,0,1
1,0,48321,295456,0,3957.6,4791,228565,50.3,12119,6343,3,1,45646,23,0,295456,0,0.11,295456,1,0,1,0,0,1,0,0,0
0,0,48937,384538,0,5214.9,4791,208508,169.6,11040,7457,3,1,30225,294,0,384538,0,0.11,384538,1,0,1,1,0,1,0,0,1
0,0,38615,341924,0,1551.3,4791,117233,207.1,10248,6816,8,0,48409,66,1,341924,0,0.11,341924,1,0,0,0,1,1,0,0,0
0,0,27529,351967,0,5159.3,4791,168967,6.8,16334,7713,10,5,58389,167,0,351967,0,0.11,351967,0,1,1,1,0,1,0,0,1
0,0,46907,219123,0,5967.5,4791,71685,156.5,11446,6233,8,2,61085,206,0,219123,0,0.11,219123,1,0,1,1,0,1,0,0,1
1,0,34210,505331,0,3112.3,4791,303577,326.0,18077,7213,7,4,52547,26,0,505331,0,0.11,505331,0,1,1,0,0,1,0,0,0
0,0,34576,219110,0,4722.1,4791,194956,9.0,16859,5240,7,2,65015,221,0,219110,0,0.11,219110,1,0,1,1,0,1,0,0,1
0,0,43349,131088,0,5731.6,4791,79179,329.3,11742,5202,7,6,57578,246,0,131088,0,0.11,131088,1,0,1,1,0,1,0,0,1
0,0,26664,479234,0,5690.7,4791,436682,221.3,11972,5386,8,1,31657,212,1,479234,0,0.11,479234,1,1,1,1,1,1,0,0,1
1,0,48042,423036,0,3373.6,4791,229718,187.8,14867,6068,5,0,56433,101,1,423036,0,0.11,423036,0,0,0,0,1,1,0,0,0
1,0,47420,127615,0,2802.3,4791,22004,19.3,17030,7114,5,1,52854,240,0,127615,0,0.11,127615,1,0,1,0,0,1,0,0,0
0,0,24355,507285,0,2218.6,4791,158296,346.3,17025,6273,4,3,69509,182,0,507285,0,0.11,507285,1,1,1,0,0,1,1,0,1
0,0,46954,290800,0,1066.2,4791,193000,256.7,14302,6733,0,0,39490,136,1,290800,0,0.11,290800,0,0,0,0,1,0,0,0,0
0,0,25913,473138,0,3166.5,4791,358329,164.0,19480,5683,1,1,28483,256,0,473138,0,0.11,473138,0,0,1,0,0,1,0,0,0
0,0,36200,424182,0,1783.2,4791,283258,344.5,15117,5701,3,1,27795,61,0,424182,0,0.11,424182,0,1,1,0,0,1,0,0,0
1,0,43565,379612,0,4705.0,4791,123053,171.3,10247,6536,3,1,72970,280,0,379612,0,0.11,379612,1,0,1,1,0,1,0,0,1
0,1,30477,95752,0,2015.7,4791,78645,311.4,16233,6516,5,4,43550,59,1,95752,0,0.11,95752,1,0,1,0,1,1,0,1,1
0,0,46958,422096,0,1448.6,4791,314742,237.0,14604,7929,4,0,24513,152,0,422096,0,0.11,422096,0,0,0,0,0,1,0,0,0
0,0,32006,464675,0,1261.0,4791,299142,269.7,15792,7099,8,7,47247,56,0,464675,0,0.11,464675,0,1,1,0,0,1,0,0,0
1,1,17990,467166,0,5470.0,4791,401783,340.8,12724,5137,4,3,35650,194,0,467166,0,0.11,467166,0,1,1,1,0,1,0,1,1
0,0,49584,227508,0,1683.4,4791,163055,107.6,19229,5653,3,2,60236,202,0,227508,0,0.11,227508,1,0,1,0,0,1,0,0,0
0,1,32695,208147,0,5928.1,4791,170211,245.3,16201,5347,10,9,45009,112,0,208147,0,0.11,208147,0,0,1,1,0,1,0,1,1
0,0,45283,156028,0,2437.3,4791,50769,167.4,19446,7176,3,0,62530,243,0,156028,0,0.11,156028,1,0,0,0,0,1,0,0,0
0,0,12731,356427,0,4711.6,4791,281359,242.0,13181,6941,10,8,41261,149,0,356427,0,0.11,356427,1,0,1,1,0,1,0,0,1
0,0,39319,252940,0,1735.5,4791,52533,54.3,12036,6080,2,0,61756,48,0,252940,0,0.11,252940,1,0,0,0,0,1,0,0,0
0,0,38741,384607,0,1096.0,4791,200282,274.3,10332,6275,9,8,67083,169,0,384607,0,0.11,384607,0,0,1,0,0,1,0,0,0
0,0,25484,377084,0,4869.5,4791,17667,329.2,12680,7454,8,4,37815,178,0,377084,0,0.11,377084,1,1,1,1,0,1,0,0,1
0,1,44837,243651,0,2925.6,4791,54977,321.9,15195,7189,3,0,65972,6,0,243651,0,0.11,243651,1,0,0,0,0,1,0,1,0
0,1,39166,306371,0,5920.9,4791,299634,221.6,16924,5289,7,2,56087,125,1,306371,0,0.11,306371,0,0,1,1,1,1,0,1,1
0,1,20730,351190,0,5308.7,4791,211165,237.1,19881,5643,6,4,42083,110,0,351190,0,0.11,351190,0,0,1,1,0,1,0,1,1
0,0,19820,87967,0,1204.6,4791,30988,237.1,14964,7156,3,3,35948,284,0,87967,0,0.11,87967,0,0,1,0,0,1,0,0,0
0,0,28566,371207,0,3072.5,4791,334154,288.5,12712,6283,10,4,45107,285,0,371207,0,0.11,371207,0,1,1,0,0,1,0,0,0
0,0,22672,149081,0,5494.6,4791,111385,343.1,14083,5018,8,4,55217,292,1,149081,0,0.11,149081,0,0,1,1,1,1,0,0,1
0,0,36187,490211,0,2072.5,4791,179859,26.3,17769,5894,10,9,43134,180,0,490211,0,0.11,490211,1,1,1,0,0,1,0,0,1
0,0,14882,349406,0,3122.5,4791,121428,210.2,16526,7402,6,5,55324,155,0,349406,0,0.11,349406,1,1,1,0,0,1,0,0,1
1,0,26671,258671,0,4735.1,4791,178210,288.6,15787,6715,4,4,69984,216,0,258671,0,0.11,258671,0,0,1,1,0,1,0,0,0
0,0,36036,410568,0,2855.6,4791,175422,336.4,17141,7179,7,6,45171,106,0,410568,0,0.11,410568,1,0,1,0,0,1,1,0,1
0,0,30702,152364,0,4602.5,4791,123619,19.9,17217,6335,1,0,50223,190,1,152364,0,0.11,152364,0,0,0,1,1,1,0,0,0
0,0,14335,449052,0,1494.3,4791,70184,275.5,10102,5282,0,0,64830,68,0,449052,0,0.11,449052,0,1,0,0,0,0,1,0,0
0,0,20540,352738,0,3039.2,4791,23798,7.6,17063,6145,6,2,53212,291,0,352738,0,0.11,352738,1,0,1,0,0,1,0,0,0
0,0,23750,348586,0,5345.2,4791,275108,143.6,16419,5635,8,0,69562,3,0,348586,0,0.11,348586,1,1,0,1,0,1,0,0,1
0,0,10444,106568,0,5475.6,4791,84280,43.8,10818,6208,3,0,68784,157,0,106568,0,0.11,106568,0,1,0,1,0,1,0,0,0
0,0,26294,443477,0,3815.9,4791,73488,284.5,17654,5098,6,5,49783,73,0,443477,0,0.11,443477,0,0,1,0,0,1,0,0,0
0,0,34642,122204,0,1489.6,4791,60858,226.8,16840,6686,5,4,39574,91,0,122204,0,0.11,122204,1,0,1,0,0,1,0,0,0
0,0,25992,492098,0,2689.2,4791,473369,333.7,14198,7387,7,0,50264,216,0,492098,0,0.11,492098,1,1,0,0,0,1,1,0,1
1,1,10840,480234,0,5004.8,4791,48981,143.9,13479,7999,5,0,48929,58,0,480234,0,0.11,480234,1,0,0,1,0,1,1,1,1
0,0,48771,308374,0,5496.9,4791,107966,253.4,19266,6052,0,0,21592,119,0,308374,0,0.11,308374,0,0,0,1,0,0,0,0,0
0,0,22237,198402,0,1071.7,4791,82295,77.5,11592,5415,5,3,23660,294,0,198402,0,0.11,198402,1,0,1,0,0,1,0,0,0
0,0,13089,401167,0,4720.2,4791,20156,83.7,16848,6149,8,3,45834,65,0,401167,0,0.11,401167,0,1,1,1,0,1,0,0,1
0,0,37611,224533,0,2895.8,4791,119641,211.9,11046,6301,10,0,26605,99,0,224533,0,0.11,224533,1,0,0,0,0,1,0,0,0
0,0,22075,356080,0,4226.0,4791,69711,29.0,13104,7003,4,1,72154,250,0,356080,0,0.11,356080,1,1,1,1,0,1,0,0,1
0,1,36184,284075,0,4294.2,4791,194887,50.7,18115,5648,8,5,41530,243,0,284075,0,0.11,284075,1,0,1,1,0,1,0,1,1
0,0,10740,514004,0,2598.8,4791,178097,272.6,14305,6556,5,3,56629,161,1,514004,0,0.11,514004,1,1,1,0,1,1,0,0,1
0,0,47592,456218,0,1753.2,4791,185374,84.3,14153,5149,10,3,59297,49,0,456218,0,0.11,456218,1,0,1,0,0,1,0,0,0
0,0,38296,204558,0,4629.7,4791,16648,5.4,10816,7951,7,7,28574,225,0,204558,0,0.11,204558,0,0,1,1,0,1,0,0,0
1,0,39495,173344,0,2407.9,4791,50886,241.6,12515,6345,6,0,40897,177,0,173344,0,0.11,173344,1,0,0,0,0,1,0,0,0
0,0,42518,99710,0,4646.3,4791,12891,245.2,18813,5426,1,0,60187,277,1,99710,0,0.11,99710,1,0,0,1,1,1,0,0,1
0,0,26501,94852,0,3797.4,4791,42638,306.3,16324,7469,7,1,54164,202,0,94852,0,0.11,94852,0,0,1,0,0,1,0,0,0
0,0,10096,370097,0,1777.6,4791,150931,158.2,19457,7736,3,3,25278,108,0,370097,0,0.11,370097,0,1,1,0,0,1,0,0,0
0,0,46216,163077,0,5370.9,4791,148486,74.3,18217,7573,10,7,48111,95,0,163077,0,0.11,163077,1,0,1,1,0,1,0,0,1
0,0,41736,385800,0,1214.8,4791,64085,252.1,16749,5546,10,1,54260,113,0,385800,0,0.11,385800,1,0,1,0,0,1,0,0,0
0,0,43729,104546,0,3385.7,4791,57802,349.9,17536,5743,0,0,24324,273,0,104546,0,0.11,104546,0,0,0,0,0,0,0,0,0
0,1,14718,119997,0,1653.5,4791,114107,31.2,14707,6312,0,0,32312,130,1,119997,0,0.11,119997,0,0,0,0,1,0,0,1,0
0,1,37925,431017,0,4960.2,4791,178696,214.4,19647,5180,1,1,48635,122,0,431017,0,0.11,431017,0,1,1,1,0,1,0,1,1
0,0,40842,463698,0,2668.4,4791,425784,11.0,19892,7024,8,6,65429,276,1,463698,0,0.11,463698,0,1,1,0,1,1,0,0,1
0,0,23598,477909,0,3445.9,4791,103367,240.4,12494,7517,5,4,20579,79,1,477909,0,0.11,477909,1,1,1,0,1,1,1,0,1
0,0,22751,304319,0,1159.4,4791,82095,308.1,11520,7016,6,4,20546,202,0,304319,0,0.11,304319,0,0,1,0,0,1,0,0,0
0,0,49070,503726,0,5290.9,4791,471530,116.4,17426,6414,4,4,32542,171,0,503726,0,0.11,503726,0,1,1,1,0,1,0,0,1
1,0,14497,389316,0,1925.1,4791,42560,322.7,10046,5373,3,3,53577,18,0,389316,0,0.11,389316,0,1,1,0,0,1,0,0,0
0,0,46275,231978,0,3874.2,4791,31690,58.8,14576,6216,8,7,35526,228,0,231978,0,0.11,231978,1,0,1,0,0,1,0,0,0
0,1,29970,450524,0,2272.2,4791,75263,133.4,19655,5696,10,5,70846,188,0,450524,0,0.11,450524,1,1,1,0,0,1,0,1,1
0,0,45778,282651,0,4918.2,4791,276179,15.3,14980,5827,10,8,56469,153,1,282651,0,0.11,282651,1,0,1,1,1,1,0,0,1
0,0,17090,202038,0,5434.6,4791,183889,277.5,18292,5884,5,4,63937,101,0,202038,0,0.11,202038,1,1,1,1,0,1,0,0,1
1,0,40066,126869,0,3505.4,4791,114558,297.3,18674,5886,0,0,57953,192,0,126869,0,0.11,126869,0,0,0,0,0,0,0,0,0
1,0,11644,332031,0,2924.4,4791,44651,97.1,18057,5161,10,6,26639,140,0,332031,0,0.11,332031,1,0,1,0,0,1,0,0,0
0,1,37789,342698,0,2066.5,4791,25536,251.7,14962,5135,2,0,47201,212,0,342698,0,0.11,342698,0,0,0,0,0,1,0,1,0
0,1,11912,418867,0,3095.2,4791,145603,91.3,14113,6585,1,1,41516,246,0,418867,0,0.11,418867,0,1,1,0,0,1,0,1,1
0,0,48141,515862,0,3273.4,4791,112482,338.1,12043,7041,10,1,51663,257,0,515862,0,0.11,515862,1,1,1,0,0,1,0,0,1
0,0,27265,150147,0,3795.2,4791,62113,249.4,11402,7993,5,5,64541,27,0,150147,0,0.11,150147,0,0,1,0,0,1,0,0,0
0,0,33745,113660,0,5862.0,4791,65428,99.5,11977,6649,7,1,21183,258,0,113660,0,0.11,113660,1,0,1,1,0,1,0,0,1
0,0,27912,351444,0,3686.6,4791,60433,312.0,16306,5581,7,3,33321,258,0,351444,0,0.11,351444,0,1,1,0,0,1,0,0,0
0,0,37473,436265,0,1294.5,4791,72128,129.1,17826,5409,1,1,48502,93,0,436265,0,0.11,436265,0,1,1,0,0,1,1,0,1
1,0,23750,334793,0,5837.1,4791,281631,195.5,13636,6806,4,0,31238,246,0,334793,0,0.11,334793,0,0,0,1,0,1,0,0,0
0,1,11139,343000,0,2184.6,4791,67368,55.8,19805,7645,1,1,45463,3,0,343000,0,0.11,343000,0,1,1,0,0,1,0,1,1
0,1,11444,232132,0,4678.7,4791,204346,231.9,14074,7461,2,2,39597,135,0,232132,0,0.11,232132,0,0,1,1,0,1,0,1,1
0,0,46086,261394,0,4103.9,4791,246836,287.6,15992,6257,1,1,62928,170,0,261394,0,0.11,261394,0,0,1,1,0,1,0,0,0
0,0,14550,297883,0,1292.4,4791,108600,178.0,19425,7495,3,2,42052,64,1,297883,0,0.11,297883,0,1,1,0,1,1,0,0,1
0,0,18916,378250,0,5950.2,4791,118379,307.9,14098,5224,2,2,57936,220,0,378250,0,0.11,378250,0,1,1,1,0,1,0,0,1
0,0,23562,340277,0,4715.7,4791,10277,315.7,13252,6535,3,0,57051,94,0,340277,0,0.11,340277,1,1,0,1,0,1,0,0,1
0,0,31455,408749,0,1117.6,4791,169499,348.6,14022,6797,2,1,41310,255,0,408749,0,0.11,408749,1,1,1,0,0,1,0,0,1
1,0,44081,133839,0,2975.0,4791,108147,237.4,14743,7319,10,2,37573,104,0,133839,0,0.11,133839,0,0,1,0,0,1,0,0,0
0,0,14135,93060,0,4111.8,4791,85636,243.9,13538,5755,9,7,27192,130,0,93060,0,0.11,93060,1,0,1,1,0,1,0,0,1
0,0,19039,99919,0,4287.0,4791,47973,231.8,11546,7220,0,0,66225,243,0,99919,0,0.11,99919,0,0,0,1,0,0,0,0,0
0,1,25881,235669,0,2292.8,4791,77049,195.7,19413,5622,3,1,34752,268,0,235669,0,0.11,235669,1,0,1,0,0,1,0,1,1
0,1,42508,135144,0,1917.8,4791,126347,228.9,18388,6090,7,5,23372,264,1,135144,0,0.11,135144,1,0,1,0,1,1,0,1,1
0,0,32127,212832,0,3868.5,4791,41130,294.1,14825,6649,7,5,67939,69,1,212832,0,0.11,212832,1,0,1,0,1,1,0,0,1
1,0,33274,156916,0,5024.2,4791,71247,13.9,17086,7814,4,0,32327,35,0,156916,0,0.11,156916,1,0,0,1,0,1,0,0,0
1,0,31254,94339,0,4180.9,4791,54197,295.6,15920,5591,8,0,47710,172,1,94339,0,0.11,94339,0,0,0,1,1,1,0,0,0
0,0,31380,119103,0,2655.8,4791,95505,55.5,12852,7632,10,0,33389,16,1,119103,0,0.11,119103,1,0,0,0,1,1,0,0,0
1,0,36953,287611,0,5099.3,4791,181568,326.4,12736,7836,9,1,24442,58,0,287611,0,0.11,287611,1,0,1,1,0,1,0,0,1
0,0,37863,153567,0,4756.9,4791,35625,261.7,18693,7675,5,4,69996,147,1,153567,0,0.11,153567,0,0,1,1,1,1,0,0,1
0,1,10533,315676,0,2921.1,4791,198027,159.4,17948,5215,6,5,38122,23,0,315676,0,0.11,315676,1,1,1,0,0,1,0,1,1
0,0,43881,347492,0,4453.4,4791,78814,343.0,13288,6582,9,9,30072,195,0,347492,0,0.11,347492,0,0,1,1,0,1,0,0,0
0,0,12712,392980,0,2461.7,4791,293618,332.6,10059,5335,2,1,51118,43,0,392980,0,0.11,392980,0,1,1,0,0,1,0,0,0
0,0,46607,220696,0,5957.7,4791,95979,176.0,18802,5358,7,5,40839,269,0,220696,0,0.11,220696,0,0,1,1,0,1,0,0,0
0,0,34206,225558,0,4103.3,4791,139278,208.5,19789,5081,0,0,58489,198,0,225558,0,0.11,225558,0,0,0,1,0,0,0,0,0
0,0,45508,229416,0,3816.6,4791,123882,159.6,13610,7394,7,5,65341,55,0,229416,0,0.11,229416,1,0,1,0,0,1,0,0,0
0,0,43251,517949,0,3169.1,4791,473128,62.4,13681,6974,7,6,37587,3,0,517949,0,0.11,517949,1,0,1,0,0,1,0,0,0
1,0,24102,465178,0,2304.0,4791,160782,76.5,11767,6889,8,2,61211,164,0,465178,0,0.11,465178,1,0,1,0,0,1,0,0,0
0,0,40216,217524,0,3073.3,4791,170876,108.1,19964,5676,3,1,41354,249,0,217524,0,0.11,217524,1,0,1,0,0,1,0,0,0
0,0,27774,497149,0,1310.8,4791,84650,25.7,15957,5326,1,1,41943,140,0,497149,0,0.11,497149,0,0,1,0,0,1,0,0,0
0,0,15259,108147,0,1571.0,4791,64925,344.7,10484,6700,5,5,44967,107,0,108147,0,0.11,108147,0,0,1,0,0,1,0,0,0
1,1,28407,88472,0,5703.9,4791,70463,190.8,15060,5014,9,9,42782,27,0,88472,0,0.11,88472,0,0,1,1,0,1,0,1,1
0,0,42979,278882,0,2614.0,4791,129029,241.1,12999,5148,1,1,23337,115,0,278882,0,0.11,278882,0,0,1,0,0,1,0,0,0
1,0,45601,237173,0,3707.4,4791,211324,175.8,11437,7149,10,4,39220,230,0,237173,0,0.11,237173,0,0,1,0,0,1,0,0,0
0,0,23048,130997,0,5442.5,4791,30840,89.8,17458,7097,10,10,25103,15,0,130997,0,0.11,130997,0,0,1,1,0,1,0,0,0
0,0,48280,219427,0,1139.9,4791,105158,58.8,10861,6817,7,3,28443,30,0,219427,0,0.11,219427,1,0,1,0,0,1,0,0,0
0,0,28927,300267,0,4712.2,4791,101870,105.6,15342,6485,0,0,71835,54,0,300267,0,0.11,300267,0,0,0,1,0,0,0,0,0
0,0,41378,312010,0,1316.5,4791,218408,82.5,10706,7087,7,1,28563,181,0,312010,0,0.11,312010,0,0,1,0,0,1,0,0,0
0,0,37552,167160,0,3845.9,4791,162266,21.6,19426,7210,4,3,63083,221,0,167160,0,0.11,167160,0,0,1,0,0,1,0,0,0
0,0,19856,350533,0,4117.6,4791,267768,313.0,14708,5424,0,0,54141,68,0,350533,0,0.11,350533,0,1,0,1,0,0,0,0,0
1,0,41611,321006,0,5997.0,4791,145641,244.3,14131,5991,9,8,49895,11,0,321006,0,0.11,321006,0,0,1,1,0,1,0,0,0
0,0,49246,416519,0,4782.6,4791,264841,242.1,16300,6842,4,1,66876,173,0,416519,0,0.11,416519,0,0,1,1,0,1,0,0,0
0,0,46867,384733,0,2676.2,4791,235421,21.9,10979,6244,0,0,66340,32,0,384733,0,0.11,384733,0,0,0,0,0,0,0,0,0
0,0,37129,345269,0,2602.5,4791,263186,297.0,17684,5499,6,2,37572,259,0,345269,0,0.11,345269,1,0,1,0,0,1,0,0,0
0,0,22110,398252,0,2313.1,4791,375859,206.5,12311,5351,1,1,61434,160,0,398252,0,0.11,398252,0,1,1,0,0,1,0,0,0
1,0,35677,131391,0,2054.3,4791,129093,213.2,15433,5963,6,0,25952,281,0,131391,0,0.11,131391,1,0,0,0,0,1,0,0,0
0,0,36720,296203,0,4861.5,4791,115687,209.6,16796,7432,7,5,32397,232,0,296203,0,0.11,296203,1,0,1,1,0,1,0,0,1
0,1,10638,463150,0,4693.1,4791,82092,218.8,18243,5663,0,0,63128,192,0,463150,0,0.11,463150,0,1,0,1,0,0,0,1,0
0,0,16084,280954,0,2487.1,4791,78921,44.8,13674,5386,7,5,69091,124,1,280954,0,0.11,280954,1,1,1,0,1,1,0,0,1
0,0,48601,409385,0,2350.5,4791,93943,275.3,12423,7657,8,1,37858,9,0,409385,0,0.11,409385,1,0,1,0,0,1,0,0,0
0,0,37125,407020,0,5211.1,4791,114126,70.7,16676,5124,8,2,74209,67,1,407020,0,0.11,407020,1,1,1,1,1,1,0,0,1
0,0,32499,508984,0,4324.6,4791,75517,64.9,13718,7968,3,2,73459,201,0,508984,0,0.11,508984,0,1,1,1,0,1,1,0,1
0,0,49567,346573,0,2541.9,4791,118033,284.0,17519,5352,2,1,24956,291,0,346573,0,0.11,346573,1,0,1,0,0,1,0,0,0
0,0,16271,496991,0,5949.5,4791,301266,8.5,11387,6151,6,6,43978,186,0,496991,0,0.11,496991,0,1,1,1,0,1,0,0,1
0,0,33968,398761,0,4837.6,4791,33287,298.5,17916,7345,3,0,74954,104,0,398761,0,0.11,398761,1,1,0,1,0,1,0,0,1
1,0,19603,426714,0,1354.2,4791,353743,122.8,10700,5661,6,4,51025,268,0,426714,0,0.11,426714,1,0,1,0,0,1,1,0,1
0,0,45759,353746,0,5947.3,4791,167987,58.6,16827,7563,1,0,46049,75,0,353746,0,0.11,353746,1,0,0,1,0,1,0,0,0
0,0,10950,500688,0,4517.0,4791,23363,55.9,15170,5789,4,4,27601,257,0,500688,0,0.11,500688,0,0,1,1,0,1,0,0,0
0,0,14279,471829,0,5531.7,4791,181709,222.6,11927,7552,7,4,60554,238,0,471829,0,0.11,471829,0,1,1,1,0,1,1,0,1
0,0,38263,406571,0,4158.8,4791,314267,112.9,19776,7046,7,5,74771,248,0,406571,0,0.11,406571,1,1,1,1,0,1,0,0,1
0,0,29308,362198,0,2565.8,4791,232311,224.2,12381,6611,3,0,66891,58,0,362198,0,0.11,362198,1,1,0,0,0,1,0,0,0
0,0,38674,270696,0,1425.9,4791,238635,176.1,12689,6799,2,2,62109,298,0,270696,0,0.11,270696,0,0,1,0,0,1,0,0,0
0,0,17520,365155,0,5204.6,4791,92779,319.0,14993,6496,2,1,61536,34,0,365155,0,0.11,365155,1,1,1,1,0,1,0,0,1
0,0,43710,205856,0,3179.9,4791,12560,28.4,10149,7142,1,1,45101,49,0,205856,0,0.11,205856,0,0,1,0,0,1,0,0,0
0,0,11553,516274,0,4221.1,4791,23058,1.5,13626,6076,9,9,70075,235,0,516274,0,0.11,516274,0,1,1,1,0,1,1,0,1
0,0,34744,435707,0,4707.3,4791,18607,59.4,18868,6180,1,0,30674,87,0,435707,0,0.11,435707,0,1,0,1,0,1,0,0,0
1,1,25628,508536,0,1063.5,4791,26191,234.0,19361,5940,6,2,41981,285,1,508536,0,0.11,508536,1,1,1,0,1,1,0,1,1
0,1,35476,372166,0,3839.3,4791,245955,221.7,12538,6829,9,8,27100,268,1,372166,0,0.11,372166,1,1,1,0,1,1,0,1,1
0,0,42558,111186,0,4315.7,4791,55190,91.1,14908,6011,1,1,63884,139,0,111186,0,0.11,111186,0,0,1,1,0,1,0,0,0
1,0,16015,184129,0,4835.3,4791,134147,76.4,17445,6958,8,4,60796,25,1,184129,0,0.11,184129,1,1,1,1,1,1,0,0,1
1,0,29656,268454,0,5878.8,4791,29998,62.9,19744,6607,5,1,67775,251,0,268454,0,0.11,268454,1,0,1,1,0,1,0,0,1
0,0,16079,153599,0,1334.4,4791,146632,179.6,16754,6650,4,4,45135,218,1,153599,0,0.11,153599,0,0,1,0,1,1,0,0,0
0,0,35276,451462,0,3506.9,4791,304710,113.4,17799,6394,4,1,45926,249,0,451462,0,0.11,451462,0,0,1,0,0,1,0,0,0
0,0,12553,466235,0,5458.0,4791,390826,83.1,15255,6029,8,5,37474,78,0,466235,0,0.11,466235,0,1,1,1,0,1,0,0,1
1,1,34056,338225,0,5210.3,4791,25475,69.1,18193,5397,10,0,35115,140,1,338225,0,0.11,338225,0,0,0,1,1,1,0,1,1
0,1,16235,338973,0,2958.1,4791,256150,95.1,19559,7930,10,2,57155,49,0,338973,0,0.11,338973,1,1,1,0,0,1,0,1,1
0,0,42058,402551,0,3946.5,4791,308933,146.8,15272,7539,5,5,73865,190,0,402551,0,0.11,402551,0,0,1,0,0,1,0,0,0
0,0,20668,373391,0,5766.0,4791,19012,206.0,19196,7542,10,6,56533,91,0,373391,0,0.11,373391,1,1,1,1,0,1,0,0,1
1,0,14005,512266,0,1931.5,4791,505604,224.0,10292,5426,3,2,56777,60,0,512266,0,0.11,512266,1,0,1,0,0,1,1,0,1
0,0,17520,420532,0,1766.3,4791,105999,50.2,18979,6181,2,0,65739,150,0,420532,0,0.11,420532,1,1,0,0,0,1,1,0,1
0,0,47347,165241,0,2629.4,4791,66173,128.6,13987,6184,2,0,23508,183,1,165241,0,0.11,165241,1,0,0,0,1,1,0,0,0
0,0,24836,463656,0,1623.4,4791,104204,51.7,13777,7913,6,1,22301,219,0,463656,0,0.11,463656,1,0,1,0,0,1,0,0,0
0,0,46299,431382,0,2043.9,4791,229582,335.7,15428,7722,4,3,50971,134,0,431382,0,0.11,431382,1,0,1,0,0,1,0,0,0
0,0,26615,232577,0,1163.1,4791,12433,154.2,13574,5277,4,3,27159,261,0,232577,0,0.11,232577,1,0,1,0,0,1,0,0,0
0,0,17574,425118,0,2904.8,4791,223396,238.0,16157,5044,0,0,51666,159,0,425118,0,0.11,425118,0,0,0,0,0,0,1,0,0
0,0,38719,157984,0,4730.9,4791,114049,52.6,12746,7959,5,2,68540,295,0,157984,0,0.11,157984,1,0,1,1,0,1,0,0,1
1,0,30768,215844,0,5035.7,4791,103638,341.6,16959,5914,8,7,39215,39,0,215844,0,0.11,215844,1,0,1,1,0,1,0,0,1
0,0,22658,454357,0,2084.1,4791,142349,128.5,11534,7157,10,9,73835,134,0,454357,0,0.11,454357,1,1,1,0,0,1,0,0,1
0,0,18127,327733,0,1961.8,4791,173178,348.5,19093,7957,8,5,71343,40,0,327733,0,0.11,327733,1,1,1,0,0,1,0,0,1
1,1,30206,182284,0,2646.8,4791,22907,8.4,12136,7607,2,2,53179,70,1,182284,0,0.11,182284,0,0,1,0,1,1,0,1,1
0,0,19384,462701,0,4564.1,4791,86138,293.5,10796,7611,0,0,59983,117,1,462701,0,0.11,462701,0,1,0,1,1,0,0,0,0
0,0,15115,505781,0,3456.1,4791,368368,215.3,15413,7085,2,0,25981,273,0,505781,0,0.11,505781,1,1,0,0,0,1,0,0,0
0,1,38492,100904,0,3234.2,4791,32250,205.2,12291,7035,7,5,41860,141,0,100904,0,0.11,100904,0,0,1,0,0,1,0,1,0
0,0,24234,440226,0,3255.8,4791,76657,272.3,15539,6460,3,1,49316,108,0,440226,0,0.11,440226,1,1,1,0,0,1,0,0,1
0,0,25355,310309,0,3121.3,4791,54559,5.2,10674,7100,3,2,63088,143,0,310309,0,0.11,310309,0,1,1,0,0,1,0,0,0
0,0,15741,483631,0,1200.2,4791,475186,252.9,19158,6891,0,0,50147,93,0,483631,0,0.11,483631,0,0,0,0,0,0,0,0,0
1,0,32442,385428,0,2921.8,4791,103364,93.9,14547,7288,0,0,46356,275,0,385428,0,0.11,385428,0,1,0,0,0,0,0,0,0
0,0,47295,115497,0,5443.0,4791,17438,101.5,19916,5022,9,8,52891,94,0,115497,0,0.11,115497,0,0,1,1,0,1,0,0,0
0,0,41777,129356,0,5199.2,4791,96474,38.4,15486,6490,1,0,43187,185,0,129356,0,0.11,129356,1,0,0,1,0,1,0,0,0
0,0,13088,261448,0,5952.4,4791,191180,275.3,18559,6484,8,5,67983,240,0,261448,0,0.11,261448,0,1,1,1,0,1,0,0,1
0,0,31993,329436,0,3146.6,4791,162295,76.4,12250,6225,1,1,52853,9,0,329436,0,0.11,329436,0,1,1,0,0,1,0,0,0
0,0,24931,109674,0,4840.8,4791,106684,154.0,14501,6607,1,0,43130,126,0,109674,0,0.11,109674,0,0,0,1,0,1,0,0,0
0,0,39028,360990,0,5229.5,4791,181043,148.7,10367,7186,8,0,41052,117,0,360990,0,0.11,360990,1,0,0,1,0,1,0,0,0
0,1,32848,495485,0,1884.6,4791,237369,177.3,12362,7078,1,0,46915,143,0,495485,0,0.11,495485,1,0,0,0,0,1,0,1,0
1,0,43333,512623,0,3491.5,4791,505332,335.4,10683,5706,7,7,45252,77,0,512623,0,0.11,512623,0,0,1,0,0,1,0,0,0
0,1,33522,377901,0,5819.0,4791,113743,113.1,10897,7798,5,4,54246,139,0,377901,0,0.11,377901,1,1,1,1,0,1,0,1,1
0,0,42761,227702,0,4000.7,4791,141689,148.9,15837,7658,6,1,30880,288,0,227702,0,0.11,227702,1,0,1,1,0,1,0,0,1
0,0,37204,169916,0,4612.4,4791,16183,230.3,14043,5972,10,3,22172,217,0,169916,0,0.11,169916,1,0,1,1,0,1,0,0,1
0,0,37997,151836,0,2080.3,4791,46014,322.5,11471,6785,5,0,43934,76,0,151836,0,0.11,151836,1,0,0,0,0,1,0,0,0
0,0,42871,373309,0,5260.7,4791,289486,42.1,12778,5966,7,2,22024,2,0,373309,0,0.11,373309,1,0,1,1,0,1,0,0,1
0,0,42486,342593,0,1980.8,4791,238156,299.1,10964,5354,4,2,28088,277,0,342593,0,0.11,342593,1,0,1,0,0,1,0,0,0
0,0,19768,114186,0,1622.8,4791,47059,100.7,12338,7343,3,2,26992,283,0,114186,0,0.11,114186,0,0,1,0,0,1,0,0,0
0,0,15699,392964,0,5489.5,4791,276031,323.3,19769,7728,3,0,45974,272,0,392964,0,0.11,392964,0,1,0,1,0,1,0,0,0
1,0,16868,498581,0,1018.5,4791,82740,54.9,10971,7265,5,1,56922,152,1,498581,0,0.11,498581,1,1,1,0,1,1,0,0,1
0,0,22469,480142,0,3741.6,4791,44392,90.8,15940,6276,5,4,62963,5,0,480142,0,0.11,480142,1,0,1,0,0,1,0,0,0
0,0,49056,197491,0,1660.4,4791,26027,88.2,11582,7854,3,0,43810,97,0,197491,0,0.11,197491,1,0,0,0,0,1,0,0,0
0,0,27888,205483,0,1120.4,4791,56615,328.6,14053,7776,3,2,59790,137,0,205483,0,0.11,205483,0,0,1,0,0,1,0,0,0
0,0,24605,311130,0,4636.7,4791,100005,260.1,12283,7389,7,5,56030,139,1,311130,0,0.11,311130,1,0,1,1,1,1,0,0,1
0,0,29255,342617,0,4642.2,4791,317971,214.7,14059,5308,4,1,34964,65,0,342617,0,0.11,342617,1,1,1,1,0,1,0,0,1
0,0,11403,451547,0,5337.2,4791,131865,137.1,12777,7169,2,0,64453,36,1,451547,0,0.11,451547,1,1,0,1,1,1,0,0,1
1,1,16084,355939,0,5677.5,4791,292107,168.7,13669,7058,9,3,66267,154,0,355939,0,0.11,355939,1,1,1,1,0,1,0,1,1
0,0,19997,101920,0,3081.0,4791,37667,222.4,19093,7599,6,0,46435,86,0,101920,0,0.11,101920,1,0,0,0,0,1,0,0,0
0,0,49483,256820,0,2661.1,4791,48999,51.6,13809,7839,5,1,65415,179,0,256820,0,0.11,256820,1,0,1,0,0,1,0,0,0
1,0,45351,423594,0,1205.0,4791,59584,283.2,18574,7234,1,1,63297,157,1,423594,0,0.11,423594,0,0,1,0,1,1,0,0,0
0,0,26314,253496,0,3455.3,4791,171384,333.9,19751,5826,1,0,63859,95,0,253496,0,0.11,253496,1,0,0,0,0,1,0,0,0
0,0,20916,381689,0,3786.7,4791,200739,246.8,13848,6751,9,8,45399,107,0,381689,0,0.11,381689,1,0,1,0,0,1,0,0,0
0,0,20364,451371,0,4948.3,4791,393644,262.4,16755,6524,7,3,63468,13,0,451371,0,0.11,451371,1,0,1,1,0,1,0,0,1
0,0,48671,491733,0,4031.9,4791,246923,276.8,10770,5366,1,1,23549,167,0,491733,0,0.11,491733,0,1,1,1,0,1,0,0,1
0,0,31698,157513,0,5821.2,4791,45988,151.0,13656,6613,8,3,63865,5,1,157513,0,0.11,157513,1,0,1,1,1,1,0,0,1
0,0,12688,494619,0,3515.3,4791,281949,106.3,18316,6870,2,0,32349,160,0,494619,0,0.11,494619,1,0,0,0,0,1,0,0,0
0,0,26951,252041,0,5393.7,4791,19938,230.7,11435,6768,8,5,50158,255,0,252041,0,0.11,252041,1,0,1,1,0,1,0,0,1
0,0,19260,468463,0,5608.8,4791,55839,242.1,10778,7389,5,3,71097,28,0,468463,0,0.11,468463,1,0,1,1,0,1,0,0,1
1,1,19793,195507,0,2362.0,4791,138121,187.8,17738,5797,0,0,27687,74,1,195507,0,0.11,195507,0,0,0,0,1,0,0,1,0
0,0,20272,426344,0,1682.6,4791,238057,315.0,10694,5367,3,0,38732,150,0,426344,0,0.11,426344,1,1,0,0,0,1,0,0,0
0,0,25340,237230,0,3773.1,4791,12876,302.3,16400,7195,0,0,42547,276,0,237230,0,0.11,237230,0,0,0,0,0,0,0,0,0
0,0,33736,281340,0,2614.2,4791,242186,272.5,19136,6057,9,8,50568,26,0,281340,0,0.11,281340,1,0,1,0,0,1,0,0,0
0,0,34376,138283,0,3096.2,4791,122957,68.6,14973,5783,7,4,49566,93,0,138283,0,0.11,138283,0,0,1,0,0,1,0,0,0
0,0,11696,319905,0,1579.7,4791,141325,189.1,10655,5500,3,2,40095,80,0,319905,0,0.11,319905,0,1,1,0,0,1,0,0,0
0,0,15503,453845,0,5245.8,4791,22093,12.8,10022,7138,0,0,39505,1,0,453845,0,0.11,453845,0,1,0,1,0,0,0,0,0
0,0,48111,380955,0,3363.6,4791,185202,179.8,15530,7733,9,7,73161,87,0,380955,0,0.11,380955,0,0,1,0,0,1,0,0,0
0,0,40980,455909,0,3957.1,4791,78103,319.9,10816,6305,3,0,71953,214,1,455909,0,0.11,455909,0,0,0,0,1,1,0,0,0
1,1,47000,211221,0,3564.9,4791,135856,160.7,15239,5734,9,8,69539,116,0,211221,0,0.11,211221,0,0,1,0,0,1,0,1,0
0,0,14083,345951,0,2078.8,4791,41741,251.2,19383,7584,2,1,28004,28,0,345951,0,0.11,345951,1,0,1,0,0,1,0,0,0
0,0,12465,303732,0,5519.8,4791,135864,232.0,17245,5311,9,4,56115,161,0,303732,0,0.11,303732,0,0,1,1,0,1,0,0,0
0,0,36341,397803,0,4939.7,4791,64157,302.0,12404,5064,4,4,26478,26,0,397803,0,0.11,397803,0,1,1,1,0,1,0,0,1
0,0,44781,141480,0,5613.8,4791,94701,338.2,17824,5995,5,0,68046,71,0,141480,0,0.11,141480,1,0,0,1,0,1,0,0,0
1,0,11113,351852,0,1789.9,4791,162202,87.6,10636,7382,10,7,45742,221,0,351852,0,0.11,351852,1,1,1,0,0,1,0,0,1
0,0,34504,399416,0,3247.1,4791,255221,197.5,12288,6922,3,0,42846,22,0,399416,0,0.11,399416,1,0,0,0,0,1,0,0,0
0,0,25843,382755,0,3721.9,4791,48750,321.4,16167,6462,6,2,22061,57,0,382755,0,0.11,382755,1,0,1,0,0,1,0,0,0
0,0,24145,356771,0,4371.2,4791,254048,18.7,18388,7879,9,1,43835,231,0,356771,0,0.11,356771,1,1,1,1,0,1,0,0,1
1,0,35821,378852,0,2352.8,4791,12799,93.1,15437,6999,6,1,21719,155,0,378852,0,0.11,378852,1,0,1,0,0,1,0,0,0
0,0,34448,255948,0,4045.5,4791,45966,128.6,13015,7556,7,0,51826,109,0,255948,0,0.11,255948,0,0,0,1,0,1,0,0,0
0,0,35627,247024,0,1826.7,4791,149722,248.0,14922,6144,8,0,73487,8,1,247024,0,0.11,247024,0,0,0,0,1,1,0,0,0
0,0,15149,215855,0,4101.8,4791,102422,303.0,18993,7501,4,2,69805,198,1,215855,0,0.11,215855,1,1,1,1,1,1,0,0,1
0,0,35886,190836,0,5071.7,4791,114780,95.4,14014,7746,0,0,64900,14,0,190836,0,0.11,190836,0,0,0,1,0,0,0,0,0
0,0,30754,456985,0,1656.5,4791,11467,57.3,18008,6837,0,0,72241,19,0,456985,0,0.11,456985,0,0,0,0,0,0,1,0,0
0,0,44899,99674,0,2649.9,4791,9630,46.3,18121,5286,0,0,65433,111,0,99674,0,0.11,99674,0,0,0,0,0,0,0,0,0
0,0,44008,181312,0,3303.2,4791,51335,101.7,16730,5037,3,0,66880,179,1,181312,0,0.11,181312,1,0,0,0,1,1,0,0,0
0,0,45889,489630,0,1809.6,4791,171544,52.2,17522,6546,7,2,42317,153,1,489630,0,0.11,489630,1,1,1,0,1,1,0,0,1
0,0,40575,360617,0,1306.2,4791,341678,284.2,12867,5573,2,2,23492,208,0,360617,0,0.11,360617,0,0,1,0,0,1,0,0,0
0,0,20951,153794,0,2353.1,4791,31857,55.6,10754,5533,2,1,72211,55,0,153794,0,0.11,153794,1,0,1,0,0,1,0,0,0
0,0,27972,147571,0,4811.0,4791,101118,155.8,18462,6082,8,5,28040,255,0,147571,0,0.11,147571,1,0,1,1,0,1,0,0,1
1,0,18943,168521,0,1342.7,4791,82930,232.2,10576,6409,2,0,23449,164,0,168521,0,0.11,168521,1,0,0,0,0,1,0,0,0
0,0,32600,377910,0,5936.2,4791,361727,118.3,15976,7659,0,0,73693,222,0,377910,0,0.11,377910,0,0,0,1,0,0,0,0,0
0,1,38196,288821,0,5501.8,4791,67128,86.3,19717,6892,4,4,35042,71,0,288821,0,0.11,288821,0,0,1,1,0,1,0,1,1
0,0,48630,93549,0,4936.8,4791,54524,211.6,17390,5821,3,2,23907,2,0,93549,0,0.11,93549,1,0,1,1,0,1,0,0,1
0,0,31926,438655,0,4946.0,4791,71286,309.8,14071,6079,6,4,34803,237,0,438655,0,0.11,438655,0,1,1,1,0,1,0,0,1
0,0,45091,421996,0,5186.4,4791,132286,94.3,10545,5914,4,0,71038,112,0,421996,0,0.11,421996,1,0,0,1,0,1,0,0,0
0,0,46325,484963,0,2333.7,4791,374530,87.8,10237,5230,8,3,42337,148,0,484963,0,0.11,484963,1,0,1,0,0,1,0,0,0
0,0,31379,457196,0,2047.8,4791,147862,119.5,16223,5211,1,1,44687,42,1,457196,0,0.11,457196,0,0,1,0,1,1,0,0,0
0,0,41580,121416,0,3327.8,4791,62229,33.3,13521,6007,9,5,40058,136,1,121416,0,0.11,121416,1,0,1,0,1,1,0,0,1
0,1,21537,100994,0,1358.9,4791,45517,313.4,18523,5098,2,2,69157,235,0,100994,0,0.11,100994,0,0,1,0,0,1,0,1,0
